icao,iata
AGAF,AFT
AGAR,RNA
AGAT,ATD
AGBA,VEV
AGBT,BPF
AGEV,GEF
AGGA,AKS
AGGB,BNY
AGGC,CHY
AGGE,BAS
AGGF,FRE
AGGH,HIR
AGGI,MBU
AGGJ,AVU
AGGK,IRA
AGGL,SCZ
AGGM,MUA
AGGN,GZO
AGGO,MNY
AGGP,PRS
AGGQ,OTV
AGGR,RNL
AGGS,EGM
AGGT,NNB
AGGU,RUS
AGGV,VAO
AGGY,XYA
AGJO,JJA
AGKG,KGE
AGKU,KUE
AGKW,KWS
AGNA,NAZ
AGOK,GTA
AGRC,RIN
AGRM,RBV
AGTI,TLG
ANYN,INU
ATNR,NOM
AYAA,AMF
AYAE,UAE
AYAF,AFR
AYAG,AUP
AYAI,ATP
AYAK,AIH
AYAM,AMU
AYAN,ADC
AYAO,AIE
AYAQ,KPM
AYAT,AUJ
AYAW,AWB
AYAX,AEK
AYAY,AYU
AYBA,VMU
AYBC,BCP
AYBD,BNM
AYBF,BMZ
AYBG,BDZ
AYBH,BSP
AYBI,BWP
AYBK,BUA
AYBL,BAA
AYBM,OPU
AYBO,BMH
AYBP,BPD
AYBQ,BPK
AYBR,BRP
AYBU,BUL
AYBZ,XBN
AYCB,CVB
AYCG,CGC
AYCH,CMU
AYCS,SQT
AYDB,DBP
AYDE,DER
AYDI,BNT
AYDK,MDM
AYDL,KPF
AYDN,DNU
AYDO,DOI
AYDR,DOO
AYDU,DAU
AYEA,KRU
AYEB,EMS
AYED,XYR
AYEE,EMI
AYEF,EFG
AYEH,MHY
AYEL,EPT
AYEN,EGA
AYEO,EMO
AYER,ERU
AYET,BOT
AYEV,ERE
AYEW,SWE
AYFA,FNE
AYFE,FRQ
AYFI,FIN
AYFR,FAQ
AYFU,FUM
AYGA,GKA
AYGC,GEW
AYGF,GUG
AYGG,GRL
AYGI,GAR
AYGJ,GAZ
AYGL,GOE
AYGN,GUR
AYGP,GAP
AYGR,PNP
AYGS,GBC
AYGT,GMI
AYGU,AKG
AYGV,GVI
AYGX,GOC
AYHB,HBD
AYHE,HNI
AYHF,HYF
AYHH,HNN
AYHK,HKN
AYHO,HIT
AYHU,HWA
AYIA,IIS
AYID,IDN
AYII,IMN
AYIM,KGM
AYIO,IMD
AYIQ,KIE
AYIW,WSA
AYIX,WIU
AYIY,MPX
AYJO,KGH
AYJS,JOP
AYKA,LSA
AYKB,KBM
AYKC,KDR
AYKD,KMF
AYKG,KPA
AYKH,KAQ
AYKI,UNG
AYKJ,KNE
AYKK,KRI
AYKM,KMA
AYKO,KKD
AYKQ,KGW
AYKR,KRX
AYKT,KZF
AYKU,KUQ
AYKV,KVG
AYKW,KWO
AYKY,LNV
AYLB,LAB
AYLG,KEG
AYLI,KII
AYLL,LGN
AYLN,LNM
AYLO,LWI
AYLP,LPN
AYLS,LNG
AYLT,LNC
AYLU,LMI
AYLX,LSJ
AYMA,MRM
AYMB,OBM
AYMC,MYX
AYMD,MAG
AYMH,HGU
AYMI,MXK
AYMJ,MPG
AYML,GUV
AYMN,MDU
AYMO,MAS
AYMP,MLQ
AYMQ,MQO
AYMR,MXH
AYMS,MIS
AYMV,MKN
AYMW,MWG
AYMZ,MPU
AYNA,NKN
AYNB,KEX
AYNC,NDN
AYND,AUI
AYNE,GBF
AYNI,NUG
AYNJ,NDI
AYNM,KSB
AYNN,KDP
AYNO,NMN
AYNS,BXZ
AYNU,UKU
AYNX,ATN
AYNY,NBA
AYNZ,LAE
AYOB,OBX
AYOE,KGB
AYOF,OKV
AYOG,OGE
AYOJ,OKP
AYOK,HOC
AYOL,KQL
AYOM,OSE
AYOO,KOM
AYOP,KSP
AYOQ,KCJ
AYOV,OLQ
AYOW,KDE
AYPB,PLE
AYPC,PGB
AYPD,PDI
AYPE,APR
AYPG,PGN
AYPJ,PMP
AYPO,MPF
AYPQ,PMN
AYPY,POM
AYQA,KRJ
AYQL,TLP
AYQO,SPH
AYQQ,ONB
AYQS,SXA
AYRA,KIQ
AYRE,RBP
AYRG,RMN
AYRI,KMR
AYRK,RKU
AYRM,MWI
AYRO,KOR
AYSA,SBE
AYSD,SDI
AYSE,NIS
AYSF,SFU
AYSG,SIL
AYSH,SBV
AYSJ,SIM
AYSK,SGK
AYSL,SXH
AYSO,SBC
AYSP,SMH
AYSS,TDS
AYSU,SKC
AYSV,SXW
AYSW,SWG
AYSX,MBV
AYTA,TIZ
AYTB,TBG
AYTE,TFM
AYTF,TDB
AYTG,TGL
AYTH,TFB
AYTI,TPI
AYTK,RAB
AYTN,TKW
AYTO,KDQ
AYTP,TEP
AYTR,TBQ
AYTS,TSW
AYTT,TRJ
AYTU,TFI
AYTV,TBE
AYTW,TWY
AYTY,TEO
AYTZ,TKB
AYUC,UMC
AYUE,URU
AYUI,UBI
AYUM,AUV
AYUP,GLP
AYUR,UPR
AYUY,KUX
AYUZ,UVO
AYVL,TLW
AYVM,TCJ
AYVN,VAI
AYVO,TON
AYVW,WUV
AYWB,WAO
AYWC,WTT
AYWD,WBM
AYWF,WAJ
AYWG,AGL
AYWH,WNU
AYWJ,WBC
AYWK,WWK
AYWO,WOA
AYWQ,WKN
AYWS,WSU
AYWT,WTP
AYWU,WUG
AYXE,YVD
AYXI,SMJ
AYXO,TLO
AYXP,WPM
AYXW,WEP
AYYE,KYX
AYYK,YEQ
AYYL,TCK
AYYM,MMV
AYYO,RAX
AYYP,KPE
AYYR,KSX
AYZA,ZEN
AYZI,SWR
AYZN,SIZ
AYZS,OSG
BGAA,JEG
BGBW,UAK
BGCH,JCH
BGCO,CNP
BGGH,GOH
BGJN,JAV
BGKK,KUS
BGMQ,JSU
BGPT,JFR
BGQQ,NAQ
BGSF,SFJ
BGSS,JHS
BGTL,THU
BGUK,JUV
BGUM,UMD
BGUQ,JQA
BIAR,AEY
BIBD,BIU
BIBF,BGJ
BIBK,BJD
BIBL,BLO
BIBV,BXV
BIDV,DJU
BIEG,EGS
BIFF,FAS
BIFM,FAG
BIGF,GUU
BIGJ,GJR
BIGR,GRY
BIHK,HVK
BIHN,HFN
BIHU,HZK
BIIS,IFJ
BIKF,KEF
BIKP,OPA
BIKR,SAK
BINF,NOR
BIOF,OFJ
BIPA,PFJ
BIRE,RHA
BIRF,OLI
BIRG,RFN
BIRK,RKV
BIRL,MVA
BISI,SIJ
BIST,SYK
BITE,TEY
BITN,THO
BIVM,VEY
BIVO,VPN
CBBC,ZEL
CYAB,YAB
CYAC,YAC
CYAD,YAR
CYAG,YAG
CYAH,YAH
CYAL,YAL
CYAM,YAM
CYAQ,XKS
CYAS,YKG
CYAT,YAT
CYAY,YAY
CYAZ,YAZ
CYBA,YBA
CYBB,YBB
CYBC,YBC
CYBD,QBC
CYBE,YBE
CYBF,YBY
CYBG,YBG
CYBH,YBH
CYBK,YBK
CYBL,YBL
CYBQ,XTL
CYBR,YBR
CYBT,YBT
CYBV,YBV
CYBX,YBX
CYCA,YRF
CYCB,YCB
CYCC,YCC
CYCD,YCD
CYCE,YCE
CYCG,YCG
CYCH,YCH
CYCK,XCM
CYCL,YCL
CYCN,YCN
CYCO,YCO
CYCQ,YCQ
CYCR,YCR
CYCS,YCS
CYCT,YCT
CYCW,YCW
CYCY,YCY
CYCZ,YCZ
CYDA,YDA
CYDB,YDB
CYDF,YDF
CYDL,YDL
CYDM,XRR
CYDN,YDN
CYDO,YDO
CYDP,YDP
CYDQ,YDQ
CYEK,YEK
CYEL,YEL
CYEM,YEM
CYEN,YEN
CYER,YER
CYET,YET
CYEU,YEU
CYEV,YEV
CYEY,YEY
CYFA,YFA
CYFB,YFB
CYFC,YFC
CYFE,YFE
CYFH,YFH
CYFJ,YTM
CYFO,YFO
CYFR,YFR
CYFS,YFS
CYFT,YMN
CYGB,YGB
CYGH,YGH
CYGK,YGK
CYGL,YGL
CYGM,YGM
CYGO,YGO
CYGP,YGP
CYGQ,YGQ
CYGR,YGR
CYGT,YGT
CYGV,YGV
CYGW,YGW
CYGX,YGX
CYGZ,YGZ
CYHA,YQC
CYHB,YHB
CYHC,CXH
CYHD,YHD
CYHE,YHE
CYHF,YHF
CYHH,YNS
CYHI,YHI
CYHK,YHK
CYHM,YHM
CYHN,YHN
CYHO,YHO
CYHP,YHP
CYHR,YHR
CYHT,YHT
CYHY,YHY
CYHZ,YHZ
CYIB,YIB
CYID,YDG
CYIF,YIF
CYIK,YIK
CYIO,YIO
CYIV,YIV
CYJA,YJA
CYJF,YJF
CYJN,YJN
CYJT,YJT
CYKA,YKA
CYKC,YKC
CYKD,LAK
CYKF,YKF
CYKG,YWB
CYKJ,YKJ
CYKL,YKL
CYKM,YKD
CYKO,AKV
CYKP,YOG
CYKQ,YKQ
CYKX,YKX
CYKY,YKY
CYLA,YPJ
CYLB,YLB
CYLC,YLC
CYLD,YLD
CYLH,YLH
CYLJ,YLJ
CYLK,YSG
CYLL,YLL
CYLP,YLP
CYLQ,YLQ
CYLR,YLR
CYLS,YLK
CYLT,YLT
CYLU,XGR
CYLW,YLW
CYMA,YMA
CYMD,YMD
CYME,YME
CYMG,YMG
CYMH,YMH
CYMJ,YMJ
CYML,YML
CYMM,YMM
CYMO,YMO
CYMT,YMT
CYMU,YUD
CYMW,YMW
CYMX,YMX
CYNA,YNA
CYNC,YNC
CYND,YND
CYNE,YNE
CYNH,YNH
CYNJ,YLY
CYNL,YNL
CYNM,YNM
CYNR,HZP
CYOA,YOA
CYOC,YOC
CYOD,YOD
CYOH,YOH
CYOJ,YOJ
CYOO,YOO
CYOP,YOP
CYOS,YOS
CYOW,YOW
CYPA,YPA
CYPC,YPC
CYPD,YPS
CYPE,YPE
CYPG,YPG
CYPH,YPH
CYPL,YPL
CYPM,YPM
CYPN,YPN
CYPO,YPO
CYPQ,YPQ
CYPR,YPR
CYPW,YPW
CYPX,YPX
CYPY,YPY
CYPZ,YPZ
CYQA,YQA
CYQB,YQB
CYQD,YQD
CYQF,YQF
CYQG,YQG
CYQH,YQH
CYQI,YQI
CYQK,YQK
CYQL,YQL
CYQM,YQM
CYQN,YQN
CYQQ,YQQ
CYQR,YQR
CYQS,YQS
CYQT,YQT
CYQU,YQU
CYQV,YQV
CYQW,YQW
CYQX,YQX
CYQY,YQY
CYQZ,YQZ
CYRA,YRA
CYRB,YRB
CYRI,YRI
CYRJ,YRJ
CYRL,YRL
CYRM,YRM
CYRO,YRO
CYRQ,YRQ
CYRS,YRS
CYRT,YRT
CYRV,YRV
CYSB,YSB
CYSC,YSC
CYSD,YSD
CYSE,YSE
CYSF,YSF
CYSH,YSH
CYSJ,YSJ
CYSK,YSK
CYSL,YSL
CYSM,YSM
CYSN,YCM
CYSP,YSP
CYST,YST
CYSU,YSU
CYSY,YSY
CYTA,YTA
CYTE,YTE
CYTF,YTF
CYTH,YTH
CYTL,YTL
CYTQ,YTQ
CYTR,YTR
CYTS,YTS
CYTZ,YTZ
CYUB,YUB
CYUL,YUL
CYUT,YUT
CYUX,YUX
CYUY,YUY
CYVB,YVB
CYVC,YVC
CYVG,YVG
CYVK,YVE
CYVL,YCK
CYVM,YVM
CYVN,YVN
CYVO,YVO
CYVP,YVP
CYVQ,YVQ
CYVR,YVR
CYVT,YVT
CYVV,YVV
CYVZ,YVZ
CYWA,YWA
CYWE,YFJ
CYWG,YWG
CYWH,YWH
CYWJ,YWJ
CYWK,YWK
CYWL,YWL
CYWP,YWP
CYWY,YWY
CYXC,YXC
CYXE,YXE
CYXH,YXH
CYXJ,YXJ
CYXK,YXK
CYXL,YXL
CYXN,YXN
CYXP,YXP
CYXQ,YXQ
CYXR,YXR
CYXS,YXS
CYXT,YXT
CYXU,YXU
CYXX,YXX
CYXY,YXY
CYXZ,YXZ
CYYB,YYB
CYYC,YYC
CYYD,YYD
CYYE,YYE
CYYF,YYF
CYYG,YYG
CYYG,YHG
CYYH,YYH
CYYI,YYI
CYYJ,YYJ
CYYL,YYL
CYYM,YYM
CYYN,YYN
CYYQ,YYQ
CYYR,YYR
CYYT,YYT
CYYT,YYT
CYYU,YYU
CYYW,YYW
CYYY,YYY
CYYZ,YYZ
CYZE,YZE
CYZF,YZF
CYZG,YZG
CYZH,YZH
CYZP,YZP
CYZR,YZR
CYZS,YZS
CYZT,YZT
CYZU,YZU
CYZV,YZV
CYZW,YZW
CYZX,YZX
CZAC,ZAC
CZAM,YSN
CZBB,YDT
CZBD,ILF
CZBF,ZBF
CZBM,ZBM
CZEE,KES
CZEM,ZEM
CZFA,ZFA
CZFD,ZFD
CZFG,XPK
CZFM,ZFM
CZFN,ZFN
CZGF,ZGF
CZGI,ZGI
CZGR,ZGR
CZHP,ZHP
CZJG,ZJG
CZJN,ZJN
CZKE,ZKE
CZLQ,YTD
CZMD,MSA
CZML,ZMH
CZMN,PIW
CZMT,ZMT
CZNG,XPP
CZPB,ZPB
CZPC,WPC
CZPO,ZPO
CZRJ,ZRJ
CZSJ,ZSJ
CZSN,XSI
CZST,ZST
CZSW,ZSW
CZTA,YDV
CZTM,ZTM
CZUC,ZUC
CZUM,ZUM
CZWH,XLB
CZWL,ZWL
DAAD,BUJ
DAAE,BJA
DAAG,ALG
DAAJ,DJG
DAAP,VVZ
DAAS,QSF
DAAT,TMR
DAAV,GJL
DAAY,MZW
DABB,AAE
DABC,CZL
DABP,SKI
DABS,TEE
DABT,BLJ
DAFH,HRM
DAOB,TID
DAOF,TIN
DAOI,CFK
DAOL,TAF
DAON,TLM
DAOO,ORN
DAOR,CBH
DAOS,BFW
DAOV,MUW
DAOY,EBH
DATG,INF
DATM,BMW
DAUA,AZR
DAUB,BSK
DAUE,ELG
DAUG,GHA
DAUH,HME
DAUI,INZ
DAUK,TGR
DAUL,LOO
DAUO,ELU
DAUT,TMX
DAUU,OGX
DAUZ,IAM
DBBB,COO
DBBD,DJA
DBBK,KDC
DBBN,NAE
DBBP,PKO
DBBS,SVF
DFCA,XKY
DFCC,OUG
DFCJ,XDJ
DFCL,XLU
DFCP,PUP
DFEA,XBO
DFEB,XBG
DFED,DIP
DFEE,DOR
DFEF,FNG
DFEG,XGG
DFEL,XKA
DFEM,TMQ
DFEP,XPA
DFER,ARL
DFES,XSE
DFET,TEG
DFEZ,XZA
DFFD,OUA
DFOB,BNR
DFOD,DGU
DFOG,XGA
DFON,XNU
DFOO,BOY
DFOT,TUQ
DFOU,XDE
DFOY,XAR
DGAA,ACC
DGLE,TML
DGSI,KMS
DGSN,NYI
DGTK,TKD
DIAO,ABO
DIAP,ABJ
DIAU,OGO
DIBI,BXI
DIBK,BYK
DIBN,BQO
DIBU,BDK
DIDK,DIM
DIDL,DJO
DIDV,DIV
DIFK,FEK
DIGA,GGN
DIGL,GGO
DIGN,BBV
DIKO,HGO
DIMN,MJC
DIOD,KEO
DIOF,OFI
DISG,SEO
DISP,SPY
DISS,ZSS
DITB,TXU
DITM,TOZ
DIYO,ASK
DIYO,ASK
DNAA,ABV
DNAI,QUO
DNAK,AKR
DNAS,ABB
DNBE,BNI
DNCA,CBQ
DNEN,ENU
DNGO,GMO
DNIB,IBA
DNIL,ILR
DNIM,QOW
DNJO,JOS
DNKA,KAD
DNKN,KAN
DNMA,MIU
DNMK,MDI
DNMM,LOS
DNMN,MXJ
DNPO,PHC
DNSO,SKO
DNSU,QRW
DNYO,YOL
DNZA,ZAR
DRRM,MFQ
DRRN,NIM
DRRT,THZ
DRZA,AJY
DRZL,RLT
DRZR,ZND
DTKA,TBJ
DTMB,MIR
DTNH,NBE
DTTA,TUN
DTTA,TUN
DTTF,GAF
DTTG,GAE
DTTJ,DJE
DTTR,EBM
DTTX,SFA
DTTZ,TOE
DXNG,LRL
DXXX,LFW
EBAW,ANR
EBBR,BRU
EBCI,CRL
EBKT,KJK
EBLG,LGG
EBOS,OST
EBZR,OBL
EDAC,AOC
EDAH,HDF
EDAQ,ZHZ
EDAU,IES
EDAX,REB
EDBC,CSO
EDBH,BBH
EDBN,FNB
EDCD,CBU
EDCG,GTI
EDCK,KOQ
EDCP,PEF
EDDB,SXF
EDDB,BER
EDDC,DRS
EDDE,ERF
EDDF,FRA
EDDG,FMO
EDDH,HAM
EDDK,CGN
EDDL,DUS
EDDM,MUC
EDDN,NUE
EDDP,LEJ
EDDR,SCN
EDDS,STR
EDDT,TXL
EDDV,HAJ
EDDW,BRE
EDFH,HHN
EDFM,MHG
EDGE,EIB
EDGS,SGE
EDHI,XFW
EDHK,KEL
EDHL,LBC
EDHN,EUM
EDJA,FMM
EDKA,AAH
EDLE,ESS
EDLI,BFE
EDLN,MGL
EDLP,PAD
EDLV,NRN
EDLW,DTM
EDMA,AGB
EDMO,OBF
EDMS,RBM
EDNY,FDH
EDOP,SZW
EDQD,BYU
EDQE,URD
EDQG,GHF
EDQM,HOQ
EDRB,BBJ
EDRZ,ZQW
EDSB,FKB
EDTL,LHA
EDVE,BWE
EDVK,KSF
EDWB,BRV
EDWD,XLW
EDWE,EME
EDWG,AGE
EDWI,WVN
EDWJ,JUI
EDWL,LGO
EDWR,BMK
EDWS,NOD
EDWU,VAC
EDWY,NRD
EDWZ,BMR
EDXB,HEI
EDXF,FLF
EDXH,HGL
EDXJ,QHU
EDXO,PSH
EDXW,GWT
EDXY,OHR
EEKA,KDL
EEKE,URE
EEPU,EPU
EETN,TLL
EETU,TAY
EFET,ENF
EFHA,KEV
EFHF,HEM
EFHK,HEL
EFHV,HYV
EFIT,KTQ
EFIV,IVL
EFJO,JOE
EFJY,JYV
EFKA,KAU
EFKE,KEM
EFKI,KAJ
EFKJ,KHJ
EFKK,KOK
EFKS,KAO
EFKT,KTT
EFKU,KUO
EFLP,LPP
EFMA,MHQ
EFMI,MIK
EFOU,OUL
EFPO,POR
EFRO,RVN
EFSA,SVL
EFSI,SJY
EFSO,SOT
EFTP,TMP
EFTU,TKU
EFUT,UTI
EFVA,VAA
EFVR,VRK
EFYL,YLI
EG74,LHB
EGAA,BFS
EGAB,ENK
EGAC,BHD
EGAE,LDY
EGBB,BHX
EGBE,CVT
EGBJ,GLO
EGBK,ORM
EGBN,NQT
EGBP,GBA
EGCC,MAN
EGCN,DSA
EGDJ,UPV
EGDL,LYE
EGDY,YEO
EGEC,CAL
EGED,EOI
EGEF,FIE
EGEH,WHS
EGEI,SKL
EGEN,NRL
EGEO,OBN
EGEP,PPW
EGER,SOY
EGES,NDY
EGET,LWK
EGEW,WRY
EGFE,HAW
EGFF,CWL
EGFH,SWS
EGGD,BRS
EGGP,LPL
EGGW,LTN
EGHC,LEQ
EGHD,PLH
EGHE,ISC
EGHH,BOH
EGHI,SOU
EGHJ,BBP
EGHL,QLA
EGHQ,NQY
EGHR,QUG
EGJA,ACI
EGJB,GCI
EGJJ,JER
EGKA,ESH
EGKB,BQH
EGKK,LGW
EGKR,KRH
EGLC,LCY
EGLF,FAB
EGLK,BBS
EGLL,LHR
EGMC,SEN
EGMD,LYX
EGMH,MSE
EGNC,CAX
EGNH,BLK
EGNJ,HUY
EGNL,BWF
EGNM,LBA
EGNO,WRT
EGNR,CEG
EGNS,IOM
EGNT,NCL
EGNV,MME
EGNX,EMA
EGOV,VLY
EGPA,KOI
EGPB,LSI
EGPC,WIC
EGPD,ABZ
EGPE,INV
EGPF,GLA
EGPH,EDI
EGPI,ILY
EGPK,PIK
EGPL,BEB
EGPN,DND
EGPO,SYY
EGPR,BRR
EGPT,PSL
EGPU,TRE
EGPW,UNT
EGQB,BOL
EGQK,FSS
EGQL,ADX
EGQS,LMO
EGSC,CBG
EGSH,NWI
EGSS,STN
EGSU,QFO
EGTB,HYC
EGTE,EXT
EGTG,FZO
EGTK,OXF
EGTO,RCS
EGUB,BEX
EGUL,LKZ
EGUN,MHZ
EGUY,QUY
EGVA,FFD
EGVN,BZZ
EGVO,ODH
EGWU,NHT
EGXC,QCY
EGXH,BEQ
EGXJ,OKH
EGXP,SQZ
EGXU,HRT
EGXW,WTN
EGYM,KNF
EGYP,MPN
EHAM,AMS
EHBK,MST
EHEH,EIN
EHGG,GRQ
EHGR,GLZ
EHKD,DHR
EHLE,LEY
EHLW,LWR
EHRD,RTM
EHSB,UTC
EHTW,ENS
EHVK,UDE
EHWO,WOE
EIBN,BYT
EIBT,BLY
EICA,NNR
EICK,ORK
EICM,GWY
EIDL,CFN
EIDW,DUB
EIIM,IOR
EIIR,INQ
EIKK,KKY
EIKN,NOC
EIKY,KIR
EILT,LTR
EIMN,IIA
EINN,SNN
EISG,SXL
EIWF,WAT
EKAH,AAR
EKBI,BLL
EKCH,CPH
EKEB,EBJ
EKKA,KRP
EKLS,BYR
EKMB,MRW
EKOD,ODE
EKRK,RKE
EKRN,RNN
EKSB,SGD
EKSN,CNL
EKSP,SKS
EKSV,SQW
EKTS,TED
EKVG,FAE
EKVJ,STA
EKYT,AAL
ELLX,LUX
ENAL,AES
ENAN,ANX
ENAT,ALF
ENBL,FDE
ENBN,BNN
ENBO,BOO
ENBR,BGO
ENBS,BJF
ENBV,BVG
ENCN,KRS
ENDU,BDU
ENEV,EVE
ENFG,VDB
ENFL,FRO
ENGM,OSL
ENHA,HMR
ENHD,HAU
ENHF,HFT
ENHK,HAA
ENHV,HVG
ENKB,KSU
ENKL,GLL
ENKR,KKN
ENLK,LKN
ENMH,MEH
ENML,MOL
ENMS,MJF
ENNA,LKL
ENNK,NVK
ENNM,OSY
ENNO,NTB
ENOL,OLA
ENOV,HOV
ENRA,MQN
ENRM,RVK
ENRO,RRS
ENRS,RET
ENRY,RYG
ENSB,LYR
ENSD,SDN
ENSG,SOG
ENSH,SVJ
ENSK,SKN
ENSN,SKE
ENSO,SRP
ENSR,SOJ
ENSS,VAW
ENST,SSJ
ENTC,TOS
ENTO,TRF
ENVA,TRD
ENVD,VDS
ENZV,SVG
EPBP,BXP
EPBY,BZG
EPGD,GDN
EPKK,KRK
EPKT,KTW
EPKZ,OSZ
EPLB,LUZ
EPLL,LCJ
EPMO,WMI
EPPO,POZ
EPRA,RDO
EPRU,CZW
EPRZ,RZE
EPSC,SZZ
EPSY,SZY
EPWA,WAW
EPWR,WRO
EPZG,IEG
ESDF,RNB
ESGG,GOT
ESGJ,JKG
ESGL,LDK
ESGP,GSE
ESGR,KVB
ESGT,THN
ESKK,KSK
ESKM,MXX
ESMK,KID
ESMO,OSK
ESMQ,KLR
ESMT,HAD
ESMX,VXO
ESND,EVG
ESNG,GEV
ESNH,HUV
ESNK,KRF
ESNL,LYC
ESNN,SDL
ESNO,OER
ESNQ,KRN
ESNS,SFT
ESNU,UME
ESNV,VHM
ESNX,AJR
ESNY,SOO
ESNZ,OSD
ESOE,ORB
ESOH,HFS
ESOK,KSD
ESPA,LLA
ESSA,ARN
ESSD,BLE
ESSF,HLF
ESSK,GVX
ESSL,LPI
ESSP,NRK
ESST,TYF
ESSU,EKT
ESSV,VBY
ESSW,VVK
ESTA,AGH
ESUD,SQO
ESUE,IDB
ESUP,PJA
ESUT,HMV
ETAD,SPM
ETAR,RMS
ETHF,FRZ
ETIE,HDB
ETIK,ILH
ETIN,KZG
ETMN,FCN
ETNG,GKE
ETNL,RLG
ETNS,WBG
ETOU,WIE
ETSF,FEL
ETSI,IGS
ETUO,GUT
EVDA,DGP
EVLA,LPX
EVRA,RIX
EVVA,VNT
EYKA,KUN
EYPA,PLQ
EYPP,PNV
EYSA,SQQ
EYVI,VNO
FAAB,ALJ
FAAG,AGZ
FAAL,ADY
FABE,BIY
FABL,BFN
FACD,CDO
FACT,CPT
FADK,DUK
FADQ,PZL
FAEL,ELS
FAEM,EMG
FAER,ELL
FAFB,FCB
FAGC,GCJ
FAGG,GRJ
FAGI,GIY
FAGM,QRA
FAHL,HLW
FAHR,HRS
FAHS,HDS
FAHW,HZV
FAKD,KXE
FAKM,KIM
FAKN,MQP
FAKP,KOF
FAKU,KMH
FAKZ,KLZ
FALA,HLA
FALC,LMR
FALD,LDZ
FALE,DUR
FALO,LCD
FALW,SDB
FALY,LAY
FAMD,AAM
FAMG,MGH
FAMM,MBD
FAMN,LLE
FAMO,MZY
FAMS,MEZ
FAMU,MZQ
FAMW,MZF
FANC,NCS
FANG,NGL
FANS,NLP
FAOB,OVG
FAOH,OUH
FAOR,JNB
FAPA,AFD
FAPE,PLZ
FAPG,PBZ
FAPH,PHW
FAPJ,JOH
FAPK,PRK
FAPM,PZB
FAPN,NTY
FAPP,PTG
FAPS,PCF
FAQT,UTW
FARB,RCB
FARI,RVO
FARS,ROD
FASB,SBU
FASC,ZEC
FASS,SIS
FASZ,SZK
FATH,THY
FATN,TCU
FATZ,LTA
FAUL,ULD
FAUP,UTN
FAUS,ULX
FAUT,UTT
FAVB,VRU
FAVG,VIR
FAVR,VRE
FAVY,VYD
FAWB,PRY
FAWK,WKF
FAWM,WEL
FBFT,FRW
FBGZ,GNZ
FBJW,JWA
FBKE,BBK
FBKR,KHW
FBLO,LOQ
FBMN,MUB
FBOR,ORP
FBSK,GBE
FBSN,SXN
FBSP,PKW
FBSV,SVT
FBSW,SWX
FBTL,TLD
FBTS,TBY
FCBB,BZV
FCBB,BZV
FCBD,DJM
FCBK,KNJ
FCBL,LCO
FCBM,MUY
FCBS,SIB
FCBY,NKY
FCBZ,ANJ
FCMM,MSX
FCOB,BOE
FCOE,EWO
FCOG,GMM
FCOI,ION
FCOK,KEE
FCOM,MKJ
FCOO,FTX
FCOS,SOE
FCOT,BTB
FCOU,OUE
FCPA,KMK
FCPL,DIS
FCPP,PNR
FDMS,MTS
FDSK,SHO
FEFC,CRF
FEFF,BGF
FEFG,BGU
FEFI,IRO
FEFM,BBY
FEFN,NDL
FEFO,BOP
FEFR,BIV
FEFS,BSN
FEFT,BBT
FEFW,ODA
FEFY,AIG
FEFZ,IMO
FEGE,MKI
FEGF,BTG
FEGM,BMF
FEGO,ODJ
FEGR,RFA
FEGU,BCF
FEGZ,BOZ
FGAB,NBN
FGBT,BSG
FGMY,GEM
FGSL,SSG
FHAW,ASI
FHSH,HLE
FIMP,MRU
FIMR,RRG
FKAN,NKS
FKKB,KBI
FKKC,TKC
FKKD,DLA
FKKF,MMF
FKKG,BLC
FKKH,KLE
FKKI,OUR
FKKJ,GXX
FKKL,MVR
FKKM,FOM
FKKN,NGE
FKKO,BTA
FKKR,GOU
FKKS,DSC
FKKU,BFX
FKKV,BPC
FKKW,EBW
FKKY,YAO
FKYS,NSI
FLBA,MMQ
FLCP,CIP
FLKL,KLB
FLKO,KMZ
FLKS,KAA
FLKY,ZKB
FLLI,LVI
FLLK,LXU
FLLS,LUN
FLMA,MNS
FLMF,MFU
FLMG,MNR
FLNA,ZGM
FLND,NLA
FLSN,SXG
FLSO,KIW
FLSS,SJQ
FLSW,SLI
FLZB,BBZ
FMCH,HAH
FMCI,NWA
FMCN,YVA
FMCV,AJN
FMCZ,DZA
FMEE,RUN
FMEP,ZSE
FMFE,OHB
FMMC,WML
FMME,ATJ
FMMG,WAQ
FMMH,VVB
FMMI,TNR
FMMK,JVA
FMML,BMD
FMMN,ZVA
FMMO,MXT
FMMQ,ILK
FMMR,TVA
FMMS,SMS
FMMT,TMM
FMMU,WTA
FMMV,MOQ
FMMX,WTS
FMMY,VAT
FMMZ,WAM
FMNA,DIE
FMNC,WMR
FMND,ZWA
FMNE,AMB
FMNF,WBD
FMNG,WPB
FMNH,ANM
FMNJ,IVA
FMNL,HVA
FMNM,MJN
FMNN,NOS
FMNO,DWB
FMNP,WMP
FMNQ,BPY
FMNR,WMN
FMNS,SVB
FMNT,TTS
FMNV,VOH
FMNW,WAI
FMNX,WMA
FMSB,WBO
FMSC,WMD
FMSD,FTU
FMSF,WFI
FMSG,RVA
FMSI,IHO
FMSJ,MJA
FMSK,WVK
FMSL,OVA
FMSM,MNJ
FMSN,TDV
FMSR,MXM
FMST,TLE
FMSU,VND
FMSV,BKU
FMSY,AMP
FMSZ,WAK
FNAM,AZZ
FNBC,SSY
FNBG,BUG
FNCA,CAB
FNCF,CFF
FNCH,PGI
FNCP,KNP
FNCT,CBT
FNCV,CTI
FNCZ,CAV
FNDU,DUE
FNGI,VPE
FNHU,NOV
FNKU,SVP
FNLB,LLT
FNLK,LBZ
FNLU,LAD
FNLZ,LZM
FNMA,MEG
FNME,SPP
FNMO,MSZ
FNNG,GXG
FNPA,PBN
FNSA,VHC
FNSO,SZA
FNSU,NDD
FNUA,UAL
FNUB,SDD
FNUE,LUO
FNUG,UGO
FNWK,CEO
FNXA,XGN
FNZE,ARZ
FNZG,NZA
FOGA,AKE
FOGB,BGB
FOGE,KDN
FOGF,FOU
FOGG,MBC
FOGI,MGX
FOGJ,KDJ
FOGK,KOU
FOGM,MJL
FOGO,OYE
FOGQ,OKN
FOGR,LBQ
FOGV,MVX
FOGW,AWE
FOOB,BMM
FOOD,MFF
FOOE,MKB
FOOG,POG
FOOH,OMB
FOOI,IGE
FOOK,MKU
FOOL,LBV
FOOL,LBV
FOOM,MZC
FOON,MVB
FOOR,LTL
FOOT,TCH
FOOY,MYB
FPPR,PCP
FPST,TMS
FQAG,ANO
FQBR,BEW
FQCB,FXO
FQCH,VPY
FQIA,IHC
FQIB,IBO
FQIN,INH
FQLC,VXC
FQLU,LFB
FQMA,MPM
FQMD,MUD
FQMP,MZB
FQNC,MNC
FQNP,APL
FQPB,POL
FQPO,PDD
FQQL,UEL
FQTT,TET
FQVL,VNX
FQXA,VJB
FSDR,DES
FSIA,SEZ
FSPP,PRI
FSSB,BDI
FSSD,DEI
FSSF,FRK
FTTA,SRH
FTTB,OGR
FTTC,AEH
FTTD,MQQ
FTTH,LTC
FTTI,ATV
FTTJ,NDJ
FTTK,BKR
FTTL,OTC
FTTM,MVO
FTTN,AMC
FTTP,PLF
FTTS,OUT
FTTU,AMO
FTTY,FYT
FVBU,BUQ
FVCH,CHJ
FVCZ,BFO
FVFA,VFA
FVHA,HRE
FVKB,KAB
FVMH,MJW
FVMU,UTA
FVMV,MVZ
FVTL,GWE
FVWN,HWN
FVWT,WKI
FWCD,CEH
FWCL,BLZ
FWCM,CMK
FWDW,DWA
FWKA,KGJ
FWKG,KBQ
FWKI,LLW
FWLK,LIX
FWMG,MAI
FWMY,MYZ
FWSM,LMB
FWUU,ZZU
FXLK,LEF
FXLR,LRB
FXLS,LES
FXMA,MSG
FXMF,MFC
FXMK,MKH
FXMM,MSU
FXNK,NKU
FXPG,PEL
FXQG,UTG
FXQN,UNE
FXSH,SHK
FXSK,SKQ
FXSM,SOK
FXSS,SHZ
FXTA,THB
FXTK,TKO
FYAA,AIW
FYAR,ADI
FYGB,GOG
FYGF,GFY
FYHI,HAL
FYKB,KAS
FYKM,MPA
FYKT,KMP
FYLS,LHU
FYLZ,LUD
FYME,MJO
FYMG,MQG
FYMO,OKU
FYNA,NNI
FYNG,OGV
FYOA,OND
FYOE,OMG
FYOG,OMD
FYOO,OKF
FYOP,OPW
FYOS,OHI
FYOW,OTJ
FYRU,NDU
FYSA,RHN
FYSM,SWP
FYSS,SZM
FYTE,TCY
FYTM,TSB
FYWB,WVB
FYWE,ERS
FYWH,WDH
FZAA,FIH
FZAA,FIH
FZAB,NLO
FZAG,MNB
FZAJ,BOA
FZAL,LZI
FZAM,MAT
FZAR,NKL
FZBA,INO
FZBI,NIO
FZBO,FDU
FZBT,KRZ
FZCA,KKW
FZCB,IDF
FZCE,LUS
FZCV,MSM
FZEA,MDK
FZEN,BSU
FZFA,LIE
FZFD,BDT
FZFK,GMA
FZFP,KLI
FZFU,BMB
FZGA,LIQ
FZGN,BNB
FZGV,IKL
FZIC,FKI
FZIR,YAN
FZJH,IRP
FZKA,BUX
FZKJ,BZU
FZMA,BKY
FZNA,GOM
FZNP,BNC
FZOA,KND
FZOC,KLY
FZOK,KGN
FZOP,PUN
FZQA,FBM
FZQC,PWO
FZQG,KEC
FZQM,KWZ
FZRA,MNO
FZRB,BDV
FZRF,FMI
FZRM,KBO
FZRQ,KOO
FZSB,KMN
FZSK,KAP
FZTK,KNM
FZUA,KGA
FZUG,LZA
FZUK,TSH
FZVA,LJA
FZVI,LBO
FZVM,MEW
FZVR,BAN
FZVS,PFR
FZWA,MJM
FZWC,GDJ
FZWT,KBN
GABS,BKO
GAGM,GUD
GAGO,GAQ
GAKA,KNZ
GAKO,KTX
GAKY,KYS
GAMB,MZI
GANK,NRM
GANR,NIX
GASK,KSS
GATB,TOM
GAYE,EYL
GBYD,BJL
GCFV,FUE
GCGM,GMZ
GCHI,VDE
GCLA,SPC
GCLP,LPA
GCRR,ACE
GEML,MLN
GFBN,BTE
GFBO,KBS
GFGK,GBK
GFHA,HGS
GFKB,KBA
GFKE,KEN
GFLL,FNA
GFYE,WYE
GGBU,BQE
GGOV,OXB
GLBU,UCN
GLCP,CPA
GLGE,SNI
GLMR,MLW
GLNA,NIA
GLRB,ROB
GLST,SAZ
GLTN,THC
GLVA,VOI
GMAD,AGA
GMAT,TTA
GMAZ,OZG
GMFB,UAR
GMFF,FEZ
GMFK,ERH
GMFM,MEK
GMFO,OUD
GMMA,SMW
GMMB,GMD
GMMC,CAS
GMMD,BEM
GMME,RBA
GMMF,SII
GMMH,VIL
GMMI,ESU
GMML,EUN
GMMN,CMN
GMMS,SFI
GMMW,NDR
GMMX,RAK
GMMY,NNA
GMMZ,OZZ
GMTA,AHU
GMTT,TNG
GOBD,DSS
GODK,KDA
GOGG,ZIG
GOGS,CSK
GOOK,KLC
GOOY,DKR
GOSM,MAX
GOSP,POD
GOSR,RDT
GOSS,XLS
GOTB,BXE
GOTK,KGG
GOTS,SMY
GOTT,TUD
GQNA,AEO
GQNB,OTL
GQNC,THI
GQND,TIY
GQNE,BGH
GQNF,KFA
GQNH,TMD
GQNI,EMN
GQNJ,AJJ
GQNK,KED
GQNL,MOM
GQNO,NKC
GQNS,SEY
GQNT,THT
GQNU,MBR
GQPA,ATR
GQPF,FGD
GQPP,NDB
GQPZ,OUZ
GUCY,CKY
GUCY,CKY
GUFA,FIG
GUFH,FAA
GUKU,KSI
GULB,LEK
GUMA,MCA
GUNZ,NZE
GUOK,BKJ
GUSB,SBI
GUSI,GII
GUXN,KNN
GVAC,SID
GVAN,NTO
GVBA,BVC
GVBR,BVR
GVMA,MMO
GVMT,MTI
GVNP,RAI
GVSF,SFL
GVSN,SNE
GVSV,VXE
HAAB,ADD
HAAB,ADD
HAAM,AMH
HAAX,AXU
HABB,XBL
HABC,BCO
HABD,BJR
HABE,BEI
HABU,BCY
HADC,DSE
HADD,DEM
HADM,DBM
HADR,DIR
HADT,DBT
HAFN,FNH
HAGB,GOB
HAGH,GNN
HAGM,GMB
HAGN,GDQ
HAGO,GDE
HAGR,GOR
HAHU,HUE
HAJJ,JIJ
HAJM,JIM
HAKD,ABK
HAKL,LFO
HALA,AWA
HALL,LLI
HAMA,MKS
HAMJ,TUJ
HAMK,MQX
HAML,MZX
HAMM,ETE
HAMN,NDM
HAMR,MUJ
HAMT,MTF
HANG,EGL
HANJ,NEJ
HANK,NEK
HAPW,PWI
HASD,SXU
HASK,SKR
HASL,HIL
HASM,SZE
HASO,ASO
HATP,TIE
HAWC,WAC
HAWR,WRA
HBBA,BJM
HBBE,GID
HBBO,KRE
HCMA,ALU
HCMB,BIB
HCMC,CXN
HCMD,BSY
HCME,HCM
HCMF,BSA
HCMG,GSR
HCMH,HGA
HCMI,BBO
HCMJ,LGX
HCMK,KMU
HCMM,MGQ
HCMO,CMO
HCMR,GLK
HCMS,CMS
HCMU,ERA
HCMV,BUO
HDAM,JIB
HDAS,AII
HDMO,MHI
HDOB,OBC
HDTJ,TDJ
HE25,EMY
HEAL,DBB
HEAR,AAC
HEAT,ATZ
HEAX,ALY
HEBA,HBE
HEBL,ABS
HECA,CAI
HEDK,DAK
HEGN,HRG
HEKG,UVL
HELX,LXR
HEMA,RMF
HEMK,HMB
HEMM,MUH
HEOW,GSQ
HEPS,PSD
HESC,SKV
HESH,SSH
HESN,ASW
HETB,TCP
HETR,ELT
HHAS,ASM
HHMS,MSW
HHSB,ASA
HHTS,TES
HJJJ,JUB
HKAM,ASV
HKEL,EDL
HKES,EYS
HKFG,KLK
HKGA,GAS
HKHO,HOA
HKJK,NBO
HKKE,KEU
HKKG,GGM
HKKI,KIS
HKKL,ILU
HKKR,KEY
HKKT,KTL
HKLK,LKG
HKLO,LOK
HKLU,LAU
HKLY,LOY
HKMA,NDE
HKMB,RBT
HKMK,JJM
HKML,MYD
HKMO,MBA
HKMY,OYL
HKNI,NYE
HKNK,NUU
HKNW,WIL
HKNY,NYK
HKSB,UAS
HKUK,UKA
HKWJ,WJR
HLGD,SRX
HLGN,TOB
HLGT,GHT
HLKF,AKF
HLLB,BEN
HLLM,MJI
HLLQ,LAQ
HLLS,SEB
HLLT,TIP
HLMB,LMQ
HLMS,MRA
HLNR,NFR
HLON,HUQ
HLTD,LTD
HLUB,QUB
HLZN,ZIS
HLZW,WAX
HRYG,GYI
HRYI,BTQ
HRYR,KGL
HRYU,RHG
HRZA,KME
HSAT,ATB
HSDB,EDB
HSDN,DOG
HSDZ,RSS
HSFA,HGI
HSFS,ELF
HSGF,GSU
HSGG,DNX
HSGN,EGN
HSKA,KSL
HSKG,GBU
HSKI,KST
HSLI,KDX
HSMK,RBX
HSMN,MWE
HSNH,NUD
HSNN,UYL
HSNW,NHF
HSOB,EBD
HSPN,PZU
HSSK,KRT
HSSM,MAK
HSSW,WHF
HSWD,DNI
HSWW,WUU
HSZA,ZLX
HTAR,ARK
HTBU,BKZ
HTDA,DAR
HTDO,DOD
HTGE,GIT
HTGR,GTZ
HTIR,IRI
HTKA,TKQ
HTKI,KIY
HTKJ,JRO
HTLI,LDI
HTLM,LKY
HTMA,MFA
HTMB,MBI
HTMD,MWN
HTMI,XMI
HTMT,MYW
HTMU,MUZ
HTMW,MWZ
HTNA,NCH
HTNJ,JOM
HTPE,PMA
HTSN,SEU
HTSO,SGX
HTSU,SUT
HTSY,SHY
HTTB,TBO
HTTG,TGT
HTZA,ZNZ
HUAR,RUA
HUEN,EBB
HUGU,ULU
HUJI,JIN
HUKF,KBG
HUKS,KSE
HUMA,MBQ
HUMI,KCU
HUPA,PAF
HUSO,SRT
HUTO,TRY
KAAF,AAF
KABE,ABE
KABI,ABI
KABQ,ABQ
KABR,ABR
KABY,ABY
KACB,ACB
KACK,ACK
KACT,ACT
KACV,ACV
KACY,ACY
KADG,ADG
KADH,ADT
KADM,ADM
KADS,ADS
KADW,ADW
KAEL,AEL
KAEX,AEX
KAFF,AFF
KAFJ,WSG
KAFN,AFN
KAFO,AFO
KAFW,AFW
KAGC,AGC
KAGO,AGO
KAGS,AGS
KAHC,AHC
KAHH,AHH
KAHN,AHN
KAIA,AIA
KAID,AID
KAIK,AIK
KAIO,AIO
KAIV,AIV
KAIZ,AIZ
KAKO,AKO
KAKR,AKC
KALB,ALB
KALI,ALI
KALM,ALM
KALN,ALN
KALO,ALO
KALS,ALS
KALW,ALW
KALX,ALX
KAMA,AMA
KAMN,AMN
KAMW,AMW
KANB,ANB
KAND,AND
KANK,SLT
KANP,ANP
KANQ,ANQ
KANW,ANW
KANY,ANY
KAOH,AOH
KAOO,AOO
KAPA,APA
KAPC,APC
KAPF,APF
KAPG,APG
KAPH,APH
KAPN,APN
KAPT,APT
KAPV,APV
KARA,ARA
KARB,ARB
KARG,ARG
KARM,WHT
KARR,AUZ
KART,ART
KARV,ARV
KARW,BFT
KASE,ASE
KASG,SPZ
KASH,ASH
KASL,ASL
KASN,ASN
KAST,AST
KASX,ASX
KASY,ASY
KATL,ATL
KATS,ATS
KATW,ATW
KATY,ATY
KAUG,AUG
KAUM,AUM
KAUN,AUN
KAUO,AUO
KAUS,AUS
KAUW,AUW
KAVL,AVL
KAVO,AVO
KAVP,AVP
KAVQ,AVW
KAVX,AVX
KAWM,AWM
KAXA,AXG
KAXN,AXN
KAXS,AXS
KAXV,AXV
KAXX,AXX
KAYS,AYS
KAZO,AZO
KBAB,BAB
KBAD,BAD
KBAF,BAF
KBAK,CLU
KBAM,BAM
KBBB,BBB
KBBD,BBD
KBBG,BKG
KBBP,BTN
KBBW,BBW
KBCB,BCB
KBCE,BCE
KBCT,BCT
KBDE,BDE
KBDG,BDG
KBDH,ILL
KBDL,BDL
KBDR,BDR
KBDU,WBU
KBEC,BEC
KBED,BED
KBEH,BEH
KBFD,BFD
KBFF,BFF
KBFI,BFI
KBFL,BFL
KBFM,BFM
KBFR,BFR
KBGD,BGD
KBGE,BGE
KBGM,BGM
KBGR,BGR
KBHB,BHB
KBHM,BHM
KBID,BID
KBIE,BIE
KBIF,BIF
KBIH,BIH
KBIL,BIL
KBIS,BIS
KBIX,BIX
KBJC,BJC
KBJI,BJI
KBJJ,BJJ
KBKD,BKD
KBKE,BKE
KBKF,BFK
KBKL,BKL
KBKN,BWL
KBKT,BKT
KBKW,BKW
KBKX,BKX
KBLF,BLF
KBLH,BLH
KBLI,BLI
KBLM,BLM
KBLU,BLU
KBLV,BLV
KBMC,BMC
KBMG,BMG
KBMI,BMI
KBML,BML
KBMT,BMT
KBNA,BNA
KBNG,BNG
KBNL,BNL
KBNO,BNO
KBNW,BNW
KBOI,BOI
KBOK,BOK
KBOS,BOS
KBOW,BOW
KBPG,HCA
KBPI,BPI
KBPK,WMH
KBPP,BWM
KBPT,BPT
KBQK,BQK
KBRD,BRD
KBRL,BRL
KBRO,BRO
KBRY,BRY
KBTF,BTF
KBTL,BTL
KBTM,BTM
KBTN,TTO
KBTP,BTP
KBTR,BTR
KBTV,BTV
KBTY,BTY
KBUB,BUB
KBUF,BUF
KBUM,BUM
KBUR,BUR
KBVI,BFP
KBVO,BVO
KBVS,MVW
KBVX,BVX
KBVY,BVY
KBWC,BWC
KBWD,BWD
KBWG,BWG
KBWI,BWI
KBWP,WAH
KBXA,BXA
KBXK,BXK
KBXM,NHZ
KBYG,BYG
KBYH,BYH
KBYI,BYI
KBYS,BYS
KBYY,BBC
KBZN,BZN
KCAD,CAD
KCAE,CAE
KCAG,CIG
KCAK,CAK
KCAO,CAO
KCAR,CAR
KCBE,CBE
KCBF,CBF
KCBK,CBK
KCBM,CBM
KCCB,CCB
KCCR,CCR
KCCY,CCY
KCDA,LLX
KCDC,CDC
KCDH,CDH
KCDK,CDK
KCDN,CDN
KCDR,CDR
KCDS,CDS
KCDW,CDW
KCEA,CEA
KCEC,CEC
KCEU,CEU
KCEV,CEV
KCEW,CEW
KCEY,CEY
KCEZ,CEZ
KCFD,CFD
KCFS,TZC
KCFT,CFT
KCFV,CFV
KCGE,CGE
KCGF,CGF
KCGI,CGI
KCGS,CGS
KCGZ,CGZ
KCHA,CHA
KCHK,CHK
KCHO,CHO
KCHS,CHS
KCIC,CIC
KCID,CID
KCIN,CIN
KCIR,CIR
KCIU,CIU
KCKA,CKA
KCKB,CKB
KCKC,GRM
KCKM,CKM
KCKN,CKN
KCKV,CKV
KCLE,CLE
KCLI,CLI
KCLK,CLK
KCLL,CLL
KCLM,CLM
KCLR,CLR
KCLS,CLS
KCLT,CLT
KCLW,CLW
KCMH,CMH
KCMI,CMI
KCMX,CMX
KCMY,CMY
KCNH,CNH
KCNK,CNK
KCNM,CNM
KCNO,CNO
KCNU,CNU
KCNW,CNW
KCNY,CNY
KCOD,COD
KCOE,COE
KCOF,COF
KCOI,COI
KCOM,COM
KCON,CON
KCOS,COS
KCOT,COT
KCOU,COU
KCPM,CPM
KCPR,CPR
KCPS,CPS
KCQW,HCW
KCRE,CRE
KCRG,CRG
KCRO,CRO
KCRP,CRP
KCRQ,CLD
KCRS,CRS
KCRT,CRT
KCRW,CRW
KCRX,CRX
KCSG,CSG
KCSM,CSM
KCSQ,CSQ
KCSV,CSV
KCTB,CTB
KCTY,CTY
KCTZ,CTZ
KCUB,CUB
KCUH,CUH
KCVG,CVG
KCVH,HLI
KCVK,CKK
KCVN,CVN
KCVO,CVO
KCVS,CVS
KCWA,CWA
KCWC,KIP
KCWF,CWF
KCWI,CWI
KCXL,CXL
KCXO,CXO
KCXP,CSN
KCXY,HAR
KCXY,FFT
KCYS,CYS
KCZK,CZK
KCZT,CZT
KDAA,DAA
KDAB,DAB
KDAG,DAG
KDAL,DAL
KDAN,DAN
KDAY,DAY
KDBN,DBN
KDBQ,DBQ
KDCA,DCA
KDCU,DCU
KDDC,DDC
KDEC,DEC
KDEH,DEH
KDEN,DEN
KDFI,DFI
KDFW,DFW
KDGL,DGL
KDGW,DGW
KDHN,DHN
KDHT,DHT
KDIK,DIK
KDKK,DKK
KDLC,DLL
KDLF,DLF
KDLH,DLH
KDLN,DLN
KDLS,DLS
KDMA,DMA
KDMN,DMN
KDMO,DMO
KDNL,DNL
KDNN,DNN
KDNS,DNS
KDNV,DNV
KDOV,DOV
KDPA,DPA
KDPG,DPG
KDRA,DRA
KDRI,DRI
KDRM,DRE
KDRO,DRO
KDRT,DRT
KDSM,DSM
KDSV,DSV
KDTA,DTA
KDTL,DTL
KDTN,DTN
KDTS,DSI
KDTW,DTW
KDUA,DUA
KDUC,DUC
KDUG,DUG
KDUJ,DUJ
KDVL,DVL
KDVN,DVN
KDVO,NOT
KDVP,NSL
KDVT,DVT
KDWH,DWH
KDXR,DXR
KDYL,DYL
KDYS,DYS
KEAN,EAN
KEAR,EAR
KEAT,EAT
KEAU,EAU
KEBS,EBS
KECG,ECG
KECP,ECP
KECS,ECS
KEDE,EDE
KEDN,ETS
KEDW,EDW
KEED,EED
KEEN,EEN
KEFD,EFD
KEFW,EFW
KEGE,EGE
KEGI,EGI
KEGV,EGV
KEKA,EKA
KEKM,EKI
KEKN,EKN
KEKO,EKO
KEKX,EKX
KELA,ELA
KELD,ELD
KELK,ELK
KELM,ELM
KELN,ELN
KELO,LYU
KELP,ELP
KELY,ELY
KELZ,ELZ
KEMM,EMM
KEMP,EMP
KEMT,EMT
KEND,END
KENL,ENL
KENV,ENV
KENW,ENW
KEOK,EOK
KEOS,EOS
KEPH,EPH
KEQA,EDK
KERI,ERI
KERR,ERR
KERV,ERV
KESC,ESC
KESF,ESF
KESN,ESN
KEST,EST
KESW,ESW
KETB,ETB
KETN,ETN
KEUF,EUF
KEUG,EUG
KEVM,EVM
KEVV,EVV
KEVW,EVW
KEWB,EWB
KEWK,EWK
KEWN,EWN
KEWR,EWR
KEYW,EYW
KFAF,FAF
KFAM,FAM
KFAR,FAR
KFAT,FAT
KFAY,FAY
KFBG,FBG
KFBL,FBL
KFBR,FBR
KFBY,FBY
KFCH,FCH
KFCM,FCM
KFCS,FCS
KFCY,FCY
KFDK,FDK
KFDR,FDR
KFDY,FDY
KFEP,FEP
KFET,FET
KFFA,FFA
KFFL,FFL
KFFM,FFM
KFFO,FFO
KFFZ,MSC
KFHR,FRD
KFHU,FHU
KFKL,FKL
KFKN,FKN
KFLD,FLD
KFLG,FLG
KFLL,FLL
KFLO,FLO
KFLP,FLP
KFLV,FLV
KFLX,FLX
KFME,FME
KFMH,FMH
KFMN,FMN
KFMY,FMY
KFNL,FNL
KFNT,FNT
KFOD,FOD
KFOE,FOE
KFOK,FOK
KFOM,FIL
KFPR,FPR
KFRG,FRG
KFRH,FRH
KFRI,FRI
KFRM,FRM
KFRR,FRR
KFSD,FSD
KFSI,FSI
KFSK,FSK
KFSM,FSM
KFST,FST
KFSU,FSU
KFSW,FMS
KFTK,FTK
KFTW,FTW
KFTY,FTY
KFUL,FUL
KFVE,WFK
KFWA,FWA
KFXE,FXE
KFXY,FXY
KFYM,FYM
KFYV,FYV
KGAB,GAB
KGAD,GAD
KGAG,GAG
KGAI,GAI
KGBD,GBD
KGBG,GBG
KGBR,GBR
KGCC,GCC
KGCD,JDA
KGCK,GCK
KGCN,GCN
KGCY,GCY
KGDM,GDM
KGDV,GDV
KGDW,GDW
KGED,GED
KGEG,GEG
KGEY,GEY
KGFD,GFD
KGFK,GFK
KGFL,GFL
KGGE,GGE
KGGG,GGG
KGGW,GGW
KGHM,GHM
KGIC,IDH
KGIF,GIF
KGJT,GJT
KGKJ,MEJ
KGKT,GKT
KGLD,GLD
KGLE,GLE
KGLH,GLH
KGLR,GLR
KGLS,GLS
KGLW,GLW
KGMU,GMU
KGNG,GNG
KGNT,GNT
KGNV,GNV
KGOK,GOK
KGON,GON
KGPI,FCA
KGPT,GPT
KGPZ,GPZ
KGQQ,GQQ
KGRB,GRB
KGRD,GRD
KGRE,GRE
KGRF,GRF
KGRI,GRI
KGRK,GRK
KGRN,GRN
KGRR,GRR
KGSB,GSB
KGSH,GSH
KGSO,GSO
KGSP,GSP
KGTF,GTF
KGTG,GTG
KGTR,GTR
KGUC,GUC
KGUP,GUP
KGUS,GUS
KGUY,GUY
KGVE,GVE
KGVL,GVL
KGVT,GVT
KGWO,GWO
KGWS,GWS
KGXY,GXY
KGYH,GDC
KGYI,PNX
KGYR,GYR
KHAB,HAB
KHAF,HAF
KHAI,HAI
KHAO,HAO
KHBG,HBG
KHBR,HBR
KHDE,HDE
KHDN,HDN
KHEE,HEE
KHEF,MNZ
KHEZ,HEZ
KHFD,HFD
KHFF,HFF
KHGR,HGR
KHHR,HHR
KHHW,HUJ
KHIB,HIB
KHIE,HIE
KHIF,HIF
KHII,HII
KHIO,HIO
KHKA,HKA
KHKS,HKS
KHKY,HKY
KHLB,HLB
KHLC,HLC
KHLG,HLG
KHLM,HLM
KHLN,HLN
KHLR,HLR
KHMN,HMN
KHMT,HMT
KHNB,HNB
KHND,HSH
KHOB,HOB
KHON,HON
KHOP,HOP
KHOT,HOT
KHOU,HOU
KHPN,HPN
KHPT,HPT
KHPY,HPY
KHQM,HQM
KHRI,HES
KHRL,HRL
KHRO,HRO
KHSB,HSB
KHSE,HNC
KHSI,HSI
KHSP,HSP
KHST,HST
KHSV,HSV
KHTH,HTH
KHTL,HTL
KHTO,HTO
KHTS,HTS
KHTW,HTW
KHUA,HUA
KHUF,HUF
KHUL,HUL
KHUM,HUM
KHUT,HUT
KHVE,HVE
KHVN,HVN
KHVR,HVR
KHVS,HVS
KHWD,HWD
KHWO,HWO
KHWV,WSH
KHXD,HHH
KHYA,HYA
KHYR,HYR
KHYS,HYS
KHZL,HZL
KHZY,JFN
KIAB,IAB
KIAD,IAD
KIAG,IAG
KIAH,IAH
KICL,ICL
KICT,ICT
KIDA,IDA
KIDG,IDG
KIDI,IDI
KIDP,IDP
KIEN,XPR
KIFA,IFA
KIFP,IFP
KIGM,IGM
KIJX,IJX
KIKK,IKK
KILE,ILE
KILG,ILG
KILM,ILM
KILN,ILN
KIML,IML
KIMM,IMM
KIMS,MDN
KIMT,IMT
KIND,IND
KINK,INK
KINL,INL
KINS,INS
KINT,INT
KINW,INW
KIOW,IOW
KIPL,IPL
KIPT,IPT
KIRK,IRK
KIRS,IRS
KISM,ISM
KISN,ISN
KISO,ISO
KISP,ISP
KISQ,ISQ
KISW,ISW
KITH,ITH
KIWA,AZA
KIWD,IWD
KIWI,ISS
KIWS,IWS
KIXD,JCI
KIYK,IYK
KIZA,SQA
KIZG,FRY
KJAC,JAC
KJAN,JAN
KJAS,JAS
KJAX,JAX
KJBR,JBR
KJCT,JCT
KJDN,JDN
KJEF,JEF
KJFK,JFK
KJHW,JHW
KJKA,GUF
KJLN,JLN
KJMS,JMS
KJOT,JOT
KJQF,USA
KJSO,JKV
KJST,JST
KJVL,JVL
KJXN,JXN
KKIC,KIC
KKLS,KLS
KKNB,KNB
KLAA,LAA
KLAF,LAF
KLAL,LAL
KLAM,LAM
KLAN,LAN
KLAR,LAR
KLAS,LAS
KLAW,LAW
KLAX,LAX
KLBB,LBB
KLBE,LBE
KLBF,LBF
KLBL,LBL
KLBT,LBT
KLBX,LJN
KLCH,LCH
KLCI,LCI
KLCK,LCK
KLCQ,LCQ
KLDJ,LDJ
KLDM,LDM
KLEB,LEB
KLEE,LEE
KLEM,LEM
KLEW,LEW
KLEX,LEX
KLFI,LFI
KLFK,LFK
KLFT,LFT
KLGA,LGA
KLGB,LGB
KLGC,LGC
KLGD,LGD
KLGF,LGF
KLGU,LGU
KLHV,LHV
KLHW,LIY
KLHZ,LFN
KLIC,LIC
KLIT,LIT
KLKP,LKP
KLKU,LOW
KLKV,LXV
KLKV,LKV
KLLJ,CHL
KLMS,LMS
KLMT,LMT
KLNA,LNA
KLND,LND
KLNK,LNK
KLNN,LNN
KLNP,LNP
KLNR,LNR
KLNS,LNS
KLOL,LOL
KLOM,BBX
KLOT,LOT
KLOU,LOU
KLOZ,LOZ
KLPC,LPC
KLQK,LQK
KLRD,LRD
KLRF,LRF
KLRJ,LRJ
KLRU,LRU
KLSB,LSB
KLSE,LSE
KLSF,LSF
KLSK,LSK
KLSN,LSN
KLSV,LSV
KLTS,LTS
KLUF,LUF
KLUK,LUK
KLUL,LUL
KLVK,LVK
KLVL,LVL
KLVM,LVM
KLVS,LVS
KLWB,LWB
KLWL,LWL
KLWM,LWM
KLWM,LWC
KLWS,LWS
KLWT,LWT
KLWV,LWV
KLXN,LXN
KLYH,LYH
KLYO,LYO
KLZU,LZU
KMAC,MAC
KMAE,MAE
KMAF,MAF
KMAW,MAW
KMBG,MBG
KMBL,MBL
KMBO,DXE
KMBS,MBS
KMBY,MBY
KMCB,MCB
KMCC,MCC
KMCD,MCD
KMCE,MCE
KMCF,MCF
KMCI,MCI
KMCK,MCK
KMCN,MCN
KMCO,MCO
KMCW,MCW
KMDD,MDD
KMDH,MDH
KMDS,XMD
KMDT,MDT
KMDW,MDW
KMDZ,MDF
KMEB,MXE
KMEI,MEI
KMEM,MEM
KMER,MER
KMEV,MEV
KMFD,MFD
KMFE,MFE
KMFI,MFI
KMFR,MFR
KMFV,MFV
KMGC,MGC
KMGE,MGE
KMGJ,MGJ
KMGM,MGM
KMGR,MGR
KMGW,MGW
KMGY,MGY
KMHE,MHE
KMHK,MHK
KMHL,MHL
KMHN,MHN
KMHR,MHR
KMHT,MHT
KMHV,MHV
KMIA,MIA
KMIB,MIB
KMIC,MIC
KMIE,MIE
KMIO,MIO
KMIT,MIT
KMIV,MIV
KMIW,MIW
KMJQ,MJQ
KMJX,MJX
KMKC,MKC
KMKE,MKE
KMKG,MKG
KMKL,MKL
KMKO,MKO
KMKT,MKT
KMKY,MRK
KMLB,MLB
KMLC,MLC
KMLD,MLD
KMLE,MIQ
KMLF,MLF
KMLI,MLI
KMLJ,MLJ
KMLS,MLS
KMLT,MLT
KMLU,MLU
KMMH,MMH
KMMI,MMI
KMML,MML
KMMS,MMS
KMMT,MMT
KMMU,MMU
KMNM,MNM
KMNN,MNN
KMOB,MOB
KMOD,MOD
KMOP,MPZ
KMOP,MOP
KMOR,MOR
KMOT,MOT
KMOX,MOX
KMPI,RMY
KMPJ,MPJ
KMPO,MPO
KMPR,MPR
KMPV,MPV
KMQB,MQB
KMQI,MEO
KMQS,CTH
KMQW,MQW
KMQY,MQY
KMRB,MRB
KMRC,MRC
KMRF,MRF
KMRN,MRN
KMRY,MRY
KMSL,MSL
KMSN,MSN
KMSO,MSO
KMSP,MSP
KMSS,MSS
KMSV,MSV
KMSY,MSY
KMTC,MTC
KMTH,MTH
KMTJ,MTJ
KMTN,MTN
KMTO,MTO
KMTP,MTP
KMTW,MTW
KMUI,MUI
KMUL,MUL
KMUO,MUO
KMUT,MUT
KMVC,MVC
KMVE,MVE
KMVL,MVL
KMVN,MVN
KMVY,MVY
KMWA,MWA
KMWC,MWC
KMWH,MWH
KMWL,MWL
KMWM,MWM
KMWO,MWO
KMXA,MXA
KMXF,MXF
KMXO,MXO
KMYF,MYF
KMYL,MYL
KMYR,MYR
KMYV,MYV
KMZJ,MZJ
KMZZ,MZZ
KNBG,NBG
KNBJ,NHX
KNDY,DGN
KNEL,NEL
KNEN,NEN
KNEW,NEW
KNFL,NFL
KNFW,FWH
KNGP,NGP
KNGU,NGU
KNGW,NGW
KNHK,NHK
KNIP,NIP
KNJK,NJK
KNKX,NKX
KNLC,NLC
KNPA,NPA
KNQA,NQA
KNQI,NQI
KNQX,NQX
KNRB,NRB
KNRC,NRC
KNRS,NRS
KNSE,NSE
KNTD,NTD
KNTU,NTU
KNUN,NUN
KNUQ,NUQ
KNUW,NUW
KNVD,NVD
KNYG,NYG
KNYL,YUM
KNZY,NZY
KOAJ,OAJ
KOAK,OAK
KOAR,OAR
KOBE,OBE
KOCF,OCF
KOCH,OCH
KOCW,OCW
KOEO,OEO
KOFF,OFF
KOFK,OFK
KOGA,OGA
KOGB,OGB
KOGD,OGD
KOGS,OGS
KOIC,OIC
KOJC,OJC
KOKB,OCN
KOKC,OKC
KOKH,ODW
KOKK,OKK
KOKM,OKM
KOKS,OKS
KOKV,WGO
KOLD,OLD
KOLE,OLE
KOLF,OLF
KOLM,OLM
KOLS,OLS
KOLU,OLU
KOLU,CUS
KOLV,OLV
KOLY,OLY
KOMA,OMA
KOMK,OMK
KONA,ONA
KONL,ONL
KONM,ONM
KONO,ONO
KONP,ONP
KONT,ONT
KONY,ONY
KOOA,OOA
KOPF,OPF
KOPL,OPL
KOQU,NCO
KORD,ORD
KORF,ORF
KORH,ORH
KORI,ORI
KORL,ORL
KORS,ESD
KOSA,MPS
KOSC,OSC
KOSH,OSH
KOSU,OSU
KOSX,OSX
KOTG,OTG
KOTH,OTH
KOTM,OTM
KOUN,OUN
KOVE,OVE
KOWA,OWA
KOWB,OWB
KOWD,OWD
KOWK,OWK
KOXB,OCE
KOXC,OXC
KOXD,OXD
KOXR,OXR
KOYM,STQ
KOZA,OZA
KOZR,OZR
KPAE,PAE
KPAH,PAH
KPAM,PAM
KPAN,PJB
KPAO,PAO
KPBF,PBF
KPBG,PBG
KPBI,PBI
KPBX,PVL
KPDC,PCD
KPDK,PDK
KPDT,PDT
KPDX,PDX
KPEQ,PEQ
KPFC,PFC
KPGA,PGA
KPGD,PGD
KPGR,PGR
KPGV,PGV
KPHD,PHD
KPHF,PHF
KPHH,ADR
KPHK,PHK
KPHL,PHL
KPHN,PHN
KPHP,PHP
KPHT,PHT
KPHX,PHX
KPIA,PIA
KPIB,PIB
KPIE,PIE
KPIH,PIH
KPIM,PIM
KPIR,PIR
KPIT,PIT
KPKB,PKB
KPKD,PKD
KPKF,PKF
KPLK,PLK
KPLN,PLN
KPLR,PLR
KPMB,PMB
KPMD,PMD
KPMH,PMH
KPMP,PPM
KPNA,PWY
KPNC,PNC
KPNE,PNE
KPNN,PNN
KPNS,PNS
KPOB,POB
KPOC,POC
KPOE,POE
KPOF,POF
KPOH,POH
KPOU,POU
KPOY,POY
KPPA,PPA
KPPF,PPF
KPPO,LPO
KPQI,PQI
KPQL,PGL
KPRB,PRB
KPRC,PRC
KPRO,PRO
KPRX,PRX
KPSB,PSB
KPSC,PSC
KPSF,PSF
KPSK,PSK
KPSM,PSM
KPSN,PSN
KPSO,PGO
KPSP,PSP
KPSX,PSX
KPTB,PTB
KPTK,PTK
KPTN,PTN
KPTS,PTS
KPTT,PTT
KPTV,PTV
KPTW,PTW
KPUB,PUB
KPUC,PUC
KPUW,PUW
KPVC,PVC
KPVD,PVD
KPVF,PVF
KPVU,PVU
KPVW,PVW
KPWA,PWA
KPWD,PWD
KPWM,PWM
KPWT,PWT
KPYM,PYM
KRAC,RAC
KRAL,RAL
KRAP,RAP
KRBD,RBD
KRBG,RBG
KRBL,RBL
KRBW,RBW
KRCA,RCA
KRCK,RCK
KRCR,RCR
KRCT,RCT
KRDD,RDD
KRDG,RDG
KRDM,RDM
KRDR,RDR
KRDU,RDU
KREO,REO
KRFD,RFD
KRFG,RFG
KRHI,RHI
KRHV,RHV
KRIC,RIC
KRID,RID
KRIF,RIF
KRIL,RIL
KRIR,RIR
KRIV,RIV
KRIW,RIW
KRKD,RKD
KRKP,RKP
KRKR,RKR
KRKS,RKS
KRKW,RKW
KRLD,RLD
KRME,RME
KRMG,RMG
KRNC,RNC
KRND,RND
KRNH,RNH
KRNO,RNO
KRNT,RNT
KROA,ROA
KROC,ROC
KROG,ROG
KROW,ROW
KROX,ROX
KRPD,RIE
KRPX,RPX
KRQB,WBR
KRRL,RRL
KRRT,RRT
KRSL,RSL
KRSN,RSN
KRST,RST
KRSW,RSW
KRTN,RTN
KRUQ,SRW
KRUT,RUT
KRVL,RED
KRVS,RVS
KRWF,RWF
KRWI,RWI
KRWL,RWL
KRXE,RXE
KRZL,RNZ
KRZZ,RZZ
KSAA,SAA
KSAC,SAC
KSAD,SAD
KSAF,SAF
KSAN,SAN
KSAR,SAR
KSAS,SAS
KSAT,SAT
KSAV,SAV
KSAW,MQT
KSBA,SBA
KSBD,SBD
KSBM,SBM
KSBN,SBN
KSBP,SBP
KSBS,SBS
KSBX,SBX
KSBY,SBY
KSCB,SCB
KSCH,SCH
KSCK,SCK
KSDF,SDF
KSDL,SCF
KSDM,SDM
KSDY,SDY
KSEA,SEA
KSEE,SEE
KSEF,SEF
KSEG,SEG
KSEM,SEM
KSEP,SEP
KSER,SER
KSEZ,SDX
KSFB,SFB
KSFF,SFF
KSFM,SFM
KSFO,SFO
KSFZ,SFZ
KSGF,SGF
KSGH,SGH
KSGJ,UST
KSGR,SGR
KSGT,SGT
KSGU,SGU
KSHD,SHD
KSHN,SHN
KSHR,SHR
KSHV,SHV
KSIK,SIK
KSIV,SIV
KSIY,SIY
KSJC,SJC
KSJN,SJN
KSJT,SJT
KSKA,SKA
KSKF,SKF
KSKX,TSM
KSKY,SKY
KSLB,SLB
KSLC,SLC
KSLE,SLE
KSLG,SLG
KSLK,SLK
KSLN,SLN
KSLO,SLO
KSLR,SLR
KSMD,SMD
KSME,SME
KSMF,SMF
KSMN,SMN
KSMO,SMO
KSMS,SUM
KSMX,SMX
KSNA,SNA
KSNK,SNK
KSNL,SNL
KSNS,SNS
KSNY,SNY
KSOP,SOP
KSOW,SOW
KSPA,SPA
KSPF,SPF
KSPG,SPG
KSPI,SPI
KSPS,SPS
KSPW,SPW
KSQI,SQI
KSQL,SQL
KSRC,SRC
KSRQ,SRQ
KSRR,RUI
KSSC,SSC
KSSF,SSF
KSSI,SSI
KSTC,STC
KSTE,STE
KSTJ,STJ
KSTK,STK
KSTL,STL
KSTP,STP
KSTS,STS
KSUA,SUA
KSUD,SUD
KSUE,SUE
KSUN,SUN
KSUS,SUS
KSUU,SUU
KSUW,SUW
KSUX,SUX
KSVC,SVC
KSVC,PGC
KSVE,SVE
KSVH,SVH
KSVN,SVN
KSWF,SWF
KSWO,SWO
KSWW,SWW
KSYI,SYI
KSYN,SYN
KSYR,SYR
KSYV,SYV
KSZL,SZL
KSZN,SZN
KSZP,SZP
KTAD,TAD
KTBN,TBN
KTBR,TBR
KTCC,TCC
KTCL,TCL
KTCM,TCM
KTCS,TCS
KTDO,TDO
KTDW,TDW
KTDZ,TDZ
KTEB,TEB
KTEX,TEX
KTHA,THA
KTHM,THM
KTHP,THP
KTHV,THV
KTIK,TIK
KTIW,TIW
KTIX,TIX
KTKX,KNT
KTLH,TLH
KTLR,TLR
KTMA,TMA
KTMB,TMB
KTMK,OTK
KTNP,TNP
KTNT,TNT
KTNU,TNU
KTNX,XSD
KTOA,TOA
KTOC,TOC
KTOI,TOI
KTOL,TOL
KTOP,TOP
KTOR,TOR
KTPA,TPA
KTPF,TPF
KTPH,TPH
KTPL,TPL
KTRI,TRI
KTRK,TKF
KTRL,TRL
KTRM,TRM
KTRX,TRX
KTSP,TSP
KTTD,TTD
KTTN,TTN
KTUL,TUL
KTUP,TUP
KTUS,TUS
KTVC,TVC
KTVF,TVF
KTVI,TVI
KTVL,TVL
KTWF,TWF
KTXK,TXK
KTYL,TYZ
KTYL,TWE
KTYR,TYR
KTYS,TYS
KUBS,UBS
KUCC,UCC
KUCY,UCY
KUDD,UDD
KUES,UES
KUGN,UGN
KUIL,UIL
KUIN,UIN
KUKF,IKB
KUKI,UKI
KUKT,UKT
KULM,ULM
KUNI,ATO
KUNU,UNU
KUNV,SCE
KUOS,UOS
KUOX,UOX
KUTA,UTM
KUTS,HTV
KUUU,NPT
KUUU,EFK
KUVA,UVA
KUZA,RKH
KVAD,VAD
KVAY,LLY
KVBG,VBG
KVCT,VCT
KVCV,VCV
KVDI,VDI
KVEL,VEL
KVGT,VGT
KVHN,VHN
KVIH,VIH
KVIS,VIS
KVJI,VJI
KVKS,VKS
KVLA,VLA
KVLD,VLD
KVNC,VNC
KVNY,VNY
KVOK,VOK
KVPS,VPS
KVPZ,VPZ
KVQQ,VQQ
KVRB,VRB
KVSF,VSF
KVTN,VTN
KVYS,VYS
KWAL,WAL
KWAY,WAY
KWBW,WBW
KWDG,WDG
KWDR,WDR
KWEA,WEA
KWHP,WHP
KWJF,WJF
KWLD,WLD
KWLW,WLW
KWMC,WMC
KWRB,WRB
KWRI,WRI
KWRL,WRL
KWSD,WSD
KWST,WST
KWVI,WVI
KWVL,WVL
KWWD,WWD
KWWR,WWR
KWYS,WYS
KXNA,XNA
KXWA,XWA
KYKM,YKM
KYKN,YKN
KYNG,YNG
KZPH,ZPH
KZZV,ZZV
LATI,TIA
LBBG,BOJ
LBGO,GOZ
LBHS,HKV
LBPD,PDV
LBRS,ROU
LBSF,SOF
LBSS,SLS
LBSZ,SZR
LBTG,TGV
LBWN,VAR
LCEN,ECN
LCGK,GEC
LCLK,LCA
LCPH,PFO
LCRA,AKT
LDDU,DBV
LDLO,LSZ
LDOS,OSI
LDPL,PUY
LDRI,RJK
LDSB,BWK
LDSP,SPU
LDZA,ZAG
LDZD,ZAD
LEAB,ABC
LEAL,ALC
LEAM,LEI
LEAS,OVD
LEBA,ODB
LEBB,BIO
LEBG,RGS
LEBL,BCN
LEBZ,BJZ
LECH,CDT
LECO,LCG
LEDA,ILD
LEGE,GRO
LEGR,GRX
LEHC,HSK
LEIB,IBZ
LEJR,XRY
LELC,MJV
LELN,LEN
LELO,RJL
LEMD,MAD
LEMG,AGP
LEMH,MAH
LEMI,RMU
LEMO,OZP
LEPA,PMI
LEPP,PNA
LERL,CQM
LERS,REU
LERT,ROZ
LESA,SLM
LESO,EAS
LEST,SCQ
LESU,LEU
LESU,LEU
LETL,TEV
LETO,TOJ
LEVC,VLC
LEVD,VLL
LEVT,VIT
LEVX,VGO
LEXJ,SDR
LEZG,ZAZ
LEZL,SVQ
LFAB,DPE
LFAC,CQF
LFAQ,BYF
LFAT,LTQ
LFBA,AGF
LFBD,BOD
LFBE,EGC
LFBG,CNG
LFBH,LRH
LFBI,PIS
LFBK,MCU
LFBL,LIG
LFBN,NIT
LFBO,TLS
LFBP,PUF
LFBT,LDE
LFBU,ANG
LFBX,PGX
LFBZ,BIQ
LFCC,ZAO
LFCI,LBI
LFCK,DCM
LFCR,RDZ
LFCY,RYN
LFDN,RCO
LFEY,IDY
LFGA,CMR
LFGJ,DLE
LFHM,MVV
LFHO,OBS
LFHP,LPY
LFHS,XBK
LFHU,AHZ
LFHY,XMU
LFJL,ETZ
LFJR,ANE
LFKB,BIA
LFKC,CLY
LFKF,FSC
LFKJ,AJA
LFKO,PRP
LFKS,SOZ
LFKX,MFX
LFLA,AUF
LFLB,CMF
LFLC,CFE
LFLD,BOU
LFLJ,CVF
LFLL,LYS
LFLN,SYT
LFLO,RNE
LFLP,NCY
LFLS,GNB
LFLU,VAF
LFLV,VHY
LFLW,AUR
LFLX,CHR
LFLY,LYN
LFMA,QXB
LFMD,CEQ
LFMH,EBU
LFMI,QIE
LFMK,CCF
LFML,MRS
LFMN,NCE
LFMP,PGF
LFMQ,CTT
LFMR,BAE
LFMT,MPL
LFMU,BZR
LFMV,AVN
LFNA,GAT
LFNB,MEN
LFNC,SCP
LFOE,EVX
LFOH,LEH
LFOO,LSO
LFOP,URO
LFOT,TUF
LFOU,CET
LFOV,LVA
LFOZ,ORE
LFPC,CSF
LFPG,CDG
LFPN,TNF
LFQG,NVS
LFQQ,LIL
LFQT,HZB
LFQV,XCZ
LFRB,BES
LFRC,CER
LFRD,DNR
LFRE,LBY
LFRF,GFR
LFRG,DOL
LFRH,LRT
LFRI,EDM
LFRJ,LDV
LFRK,CFR
LFRM,LME
LFRN,RNS
LFRO,LAI
LFRQ,UIP
LFRS,NTE
LFRT,SBK
LFRU,MXN
LFRV,VNE
LFRZ,SNR
LFSD,DIJ
LFSF,MZM
LFSG,EPL
LFSL,BVE
LFSN,ENC
LFSR,RHE
LFST,SXB
LFSZ,VTL
LFTH,TLN
LFTW,FNI
LFTZ,LTT
LFVM,MQC
LFVP,FSP
LGAD,PYR
LGAG,AGQ
LGAL,AXD
LGAV,ATH
LGBL,VOL
LGHI,JKH
LGHL,PKH
LGIK,JIK
LGIO,IOA
LGIR,HER
LGKA,KSO
LGKC,KIT
LGKF,EFL
LGKJ,KZS
LGKL,KLX
LGKO,KGS
LGKP,AOK
LGKR,CFU
LGKS,KSJ
LGKV,KVA
LGKY,JKL
LGKZ,KZI
LGLE,LRS
LGLM,LXS
LGLR,LRA
LGMK,JMK
LGML,MLO
LGMT,MJT
LGNX,JNX
LGPA,PAS
LGPL,JTY
LGPZ,PVK
LGRP,RHO
LGRX,GPA
LGSA,CHQ
LGSK,JSI
LGSM,SMI
LGSO,JSY
LGSP,SPJ
LGSR,JTR
LGST,JSH
LGSY,SKU
LGTS,SKG
LGZA,ZTH
LHBP,BUD
LHDC,DEB
LHMC,MCQ
LHPP,PEV
LHSM,SOB
LIAP,QAQ
LIBC,CRV
LIBD,BRI
LIBF,FOG
LIBG,TAR
LIBN,LCC
LIBP,PSR
LIBR,BDS
LICA,SUF
LICB,CIY
LICC,CTA
LICD,LMP
LICG,PNL
LICJ,PMO
LICR,REG
LICT,TPS
LICZ,NSY
LIDB,BLX
LIDR,RAN
LIEA,AHO
LIED,DCI
LIEE,CAG
LIEO,OLB
LIER,FNU
LIET,TTB
LIMC,MXP
LIMF,TRN
LIMG,ALL
LIMJ,GOA
LIMW,AOT
LIMZ,CUF
LIPA,AVB
LIPB,BZO
LIPD,UDN
LIPE,BLQ
LIPH,TSF
LIPK,FRL
LIPO,VBS
LIPQ,TRS
LIPR,RMI
LIPT,VIC
LIPX,VRN
LIPY,AOI
LIPZ,VCE
LIQL,LCV
LIQS,SAY
LIRF,FCO
LIRI,QSR
LIRJ,EBA
LIRN,NAP
LIRP,PSA
LIRQ,FLR
LIRS,GRS
LIRZ,PEG
LJLJ,LJU
LJMB,MBX
LJPZ,POW
LKCS,JCL
LKHO,GTW
LKKU,UHE
LKKV,KLV
LKMR,MKA
LKMT,OSR
LKOL,OLO
LKPD,PED
LKPO,PRV
LKPR,PRG
LKTB,BRQ
LKVO,VOD
LKZA,ZBE
LLBG,TLV
LLBS,BEV
LLER,ETM
LLET,ETH
LLEY,EIY
LLHA,HFA
LLIB,RPN
LLKS,KSW
LLMR,MIP
LLMZ,MTZ
LLNV,VTM
LLOV,VDA
LLSD,SDV
LLYT,YOT
LMML,MLA
LOIH,HOH
LOWG,GRZ
LOWI,INN
LOWK,KLU
LOWL,LNZ
LOWS,SZG
LOWW,VIE
LPAZ,SMA
LPBG,BGC
LPBJ,BYJ
LPBR,BGZ
LPCH,CHV
LPCO,CBP
LPCR,CVU
LPCS,CAT
LPFL,FLW
LPFR,FAO
LPGR,GRW
LPHR,HOR
LPLA,TER
LPMA,FNC
LPPD,PDL
LPPI,PIX
LPPM,PRM
LPPR,OPO
LPPR,OPO
LPPS,PXO
LPPT,LIS
LPSI,SIE
LPSJ,SJZ
LPVR,VRL
LPVZ,VSE
LQBK,BNX
LQMO,OMO
LQSA,SJJ
LQTZ,TZL
LRAR,ARW
LRBC,BCM
LRBM,BAY
LRCK,CND
LRCL,CLJ
LRCS,CSB
LRCV,CRA
LRIA,IAS
LROD,OMR
LROP,OTP
LRSB,SBZ
LRSM,SUJ
LRSV,SCV
LRTC,TCE
LRTM,TGM
LRTR,TSR
LSGG,GVA
LSGS,SIR
LSME,EML
LSZA,LUG
LSZB,BRN
LSZC,BXO
LSZH,ZRH
LSZR,ACH
LSZS,SMV
LTAC,ESB
LTAC,ESB
LTAD,ANK
LTAF,ADA
LTAG,UAB
LTAH,AFY
LTAI,AYT
LTAJ,GZT
LTAL,KFS
LTAN,KYA
LTAP,MZH
LTAR,VAS
LTAS,ONQ
LTAT,MLX
LTAU,ASR
LTAW,TJK
LTAY,DNZ
LTAZ,NAV
LTBA,ISL
LTBD,CII
LTBE,BTZ
LTBF,BZI
LTBG,BDM
LTBH,CKZ
LTBI,ESK
LTBO,USQ
LTBQ,KCO
LTBR,YEI
LTBS,DLM
LTBU,TEQ
LTBV,BXN
LTBY,AOE
LTBZ,KZR
LTCA,EZS
LTCB,OGU
LTCC,DIY
LTCD,ERC
LTCE,ERZ
LTCF,KSY
LTCG,TZX
LTCH,SFQ
LTCI,VAN
LTCJ,BAL
LTCK,MSR
LTCL,SXZ
LTCM,NOP
LTCN,KCM
LTCO,AJI
LTCP,ADF
LTCR,MQM
LTCS,GNY
LTCT,IGD
LTCU,BGG
LTCV,NKT
LTCW,YKO
LTDA,HTY
LTFC,ISE
LTFD,EDO
LTFE,BJV
LTFG,GZP
LTFH,SZF
LTFJ,SAW
LTFK,GKD
LTFM,IST
LTFO,RZV
LUBL,BZY
LUKK,KIV
LVGZ,GZA
LWOH,OHD
LWSK,SKP
LXGB,GIB
LYBE,BEG
LYBR,IVG
LYBT,BJY
LYNI,INI
LYPG,TGD
LYTV,TIV
LYUZ,UZC
LZIB,BTS
LZKZ,KSC
LZLU,LUE
LZPP,PZY
LZPW,POV
LZSL,SLD
LZTT,TAT
LZZI,ILZ
MBGT,GDT
MBMC,MDS
MBNC,NCA
MBPI,PIC
MBPV,PLS
MBSC,XSC
MBSY,SLX
MDAB,EPS
MDBH,BRX
MDCR,CBJ
MDCY,AZS
MDCZ,COZ
MDJB,JBQ
MDLR,LRM
MDPC,PUJ
MDPP,POP
MDSD,SDQ
MDST,STI
MGCB,CBV
MGCR,CMM
MGCT,CTF
MGGT,GUA
MGGT,GUA
MGHT,HUG
MGPB,PBR
MGPG,PKJ
MGPP,PON
MGQC,AQB
MGQZ,AAZ
MGRB,RUV
MGRD,LCF
MGRT,RER
MGSJ,GSJ
MGTK,FRS
MHAH,AHS
MHCS,CYL
MHEA,OAN
MHGE,CAA
MHGS,GAC
MHIR,IRN
MHJU,JUT
MHLC,LCE
MHLE,LEZ
MHLM,SAP
MHMA,MRJ
MHNJ,GJA
MHPC,PCH
MHPL,PEU
MHRO,RTB
MHRU,RUY
MHSC,XPL
MHSR,SDH
MHTE,TEA
MHTG,TGU
MHTG,TGU
MHTJ,TJI
MHUL,SCD
MHUT,UII
MHYR,ORO
MKBS,OCJ
MKJP,KIN
MKJS,MBJ
MKKJ,POT
MKNG,NEG
MKTP,KTP
MLIP,MIJ
MMAA,ACA
MMAN,NTR
MMAS,AGU
MMBT,HUX
MMCA,CNA
MMCB,CVJ
MMCC,ACN
MMCE,CME
MMCG,NCG
MMCL,CUL
MMCM,CTM
MMCN,CEN
MMCO,CJT
MMCP,CPE
MMCS,CJS
MMCT,CZA
MMCU,CUU
MMCV,CVM
MMCY,CYW
MMCZ,CZM
MMDM,MMC
MMDO,DGO
MMEP,TPQ
MMES,ESE
MMGL,GDL
MMGM,GYM
MMGR,GUB
MMHC,TCN
MMHO,HMO
MMIA,CLQ
MMIM,ISJ
MMIO,SLW
MMIT,IZT
MMJA,JAL
MMJC,AZP
MMLC,LZC
MMLM,LMM
MMLO,BJX
MMLP,LAP
MMLT,LTO
MMMA,MAM
MMMD,MID
MMMG,MUG
MMML,MXL
MMMM,MLM
MMMT,MTT
MMMV,LOV
MMMX,MEX
MMMY,MTY
MMMZ,MZT
MMNG,NOG
MMNL,NLD
MMOX,OAX
MMPA,PAZ
MMPB,PBC
MMPE,PPE
MMPG,PDS
MMPL,PCO
MMPN,UPN
MMPQ,PQM
MMPR,PVR
MMPS,PXM
MMQT,QRO
MMRX,REX
MMSD,SJD
MMSF,SFH
MMSM,NLU
MMSP,SLP
MMSZ,SCX
MMTC,TRC
MMTG,TGZ
MMTJ,TIJ
MMTM,TAM
MMTN,TSL
MMTO,TLC
MMTP,TAP
MMUN,CUN
MMVA,VSA
MMVR,VER
MMZC,ZCL
MMZH,ZIH
MMZM,ZMM
MMZO,ZLO
MNBL,BEF
MNBZ,BZA
MNCE,ECI
MNCI,RNI
MNMG,MGA
MNNG,NVG
MNPC,PUZ
MNRT,RFS
MNSC,NCR
MNSI,SIU
MNWP,WSP
MPBO,BOC
MPCE,CTD
MPCH,CHX
MPDA,DAV
MPEJ,ONX
MPHO,BLB
MPJE,JQE
MPLP,PLP
MPMG,PAC
MPOA,PUE
MPSA,SYP
MPSM,RIH
MPTO,PTY
MPVR,PVE
MPWN,NBL
MRAN,FON
MRBA,BAI
MRBC,BCL
MRBT,TTQ
MRCC,OTR
MRCH,JAP
MRCR,PLD
MRDK,DRK
MRGF,GLF
MRGP,GPL
MRIA,PBP
MRLB,LIR
MRLC,LSL
MRLM,LIO
MRMJ,CSC
MRNC,NCT
MRNS,NOB
MROC,SJO
MRPJ,PJM
MRPM,PMZ
MRPV,SYQ
MRQP,XQP
MRRF,RFR
MRSI,IPZ
MRSV,TOO
MRTM,TNO
MRTR,TMU
MRUP,UPL
MSLP,SAL
MSLP,SAL
MSSS,ILS
MTCA,CYA
MTCH,CAP
MTJA,JAK
MTJE,JEE
MTPP,PAP
MTPP,PAP
MTPX,PAX
MUBA,BCA
MUBR,BWW
MUBY,BYM
MUCA,AVI
MUCC,CCC
MUCF,CFG
MUCL,CYO
MUCM,CMW
MUCU,SCU
MUGM,NBW
MUGT,GAO
MUHA,HAV
MUHG,HOG
MUKW,VRO
MULM,LCL
MUMO,MOA
MUMZ,MZO
MUNG,GER
MUPB,UPB
MUSC,SNU
MUSJ,SNJ
MUSN,SZJ
MUSS,USS
MUTD,TND
MUVR,VRA
MUVT,VTU
MWCB,CYB
MWCL,LYB
MWCR,GCM
MX86,AJS
MYAB,MAY
MYAF,ASD
MYAK,TZN
MYAK,TZN
MYAM,MHH
MYAN,SAQ
MYAP,AXP
MYAT,TCB
MYAW,WKR
MYBC,CCZ
MYBG,GHC
MYBS,BIM
MYCA,ATC
MYCB,TBI
MYCC,CXY
MYCI,CRI
MYCP,PWN
MYEF,GGT
MYEH,ELH
MYEM,GHB
MYEN,NMC
MYER,RSD
MYES,TYM
MYGF,FPO
MYGW,WTD
MYIG,IGA
MYLD,LGI
MYLS,SML
MYMM,MYG
MYNN,NAS
MYRD,DCT
MYRP,RCY
MYSM,ZSA
MZBZ,BZE
MZPL,PLJ
NCAI,AIT
NCAT,AIU
NCMG,MGS
NCMH,MHX
NCMK,MUK
NCMR,MOI
NCPK,PZK
NCPY,PYE
NCRG,RAR
NFCI,ICI
NFCS,CST
NFFN,NAN
NFFO,PTF
NFFR,RBI
NFKD,KDV
NFMA,MNF
NFMO,MFJ
NFNA,SUV
NFNB,LEV
NFND,PHR
NFNG,NGI
NFNH,LUC
NFNK,LKB
NFNL,LBS
NFNM,TVU
NFNO,KXF
NFNR,RTA
NFNS,SVU
NFNU,BVF
NFNV,VAU
NFNW,KAY
NFOL,ONU
NFSW,YAS
NFTE,EUA
NFTF,TBU
NFTL,HPA
NFTO,NFO
NFTP,NTT
NFTV,VAV
NFVB,VBV
NFVL,VTF
NGAB,ABF
NGBR,BEZ
NGFU,FUN
NGKT,KUC
NGMA,MNK
NGMK,MZK
NGMN,MTK
NGNU,NIG
NGON,OOT
NGTA,TRW
NGTB,AEA
NGTE,TBF
NGTM,TMN
NGTO,NON
NGTR,AIS
NGTS,TSU
NGTU,BBG
NGUK,AAK
NIUE,IUE
NLWF,FUT
NLWW,WLS
NSAS,OFU
NSAU,AAU
NSFA,APW
NSFI,FGI
NSFQ,FTI
NSMA,MXS
NSTU,PPG
NTAA,PPT
NTAA,PPT
NTAM,RMT
NTAR,RUR
NTAT,TUB
NTAV,RVV
NTGA,AAA
NTGB,FGU
NTGC,TIH
NTGD,APK
NTGE,REA
NTGF,FAV
NTGH,HHZ
NTGI,XMH
NTGJ,GMR
NTGK,KKR
NTGM,MKP
NTGN,NAU
NTGO,TKV
NTGP,PKP
NTGQ,PUK
NTGT,TKP
NTGU,AXR
NTGV,MVT
NTGW,NUK
NTGY,ZTA
NTHE,AHE
NTKA,KHZ
NTKF,FAC
NTKH,FHZ
NTKK,RKA
NTKM,TJN
NTKN,NIU
NTKO,RRR
NTKR,TKX
NTKT,KXU
NTMD,NHV
NTMN,AUQ
NTMP,UAP
NTMU,UAH
NTTB,BOB
NTTE,TTI
NTTG,RGI
NTTH,HUH
NTTM,MOZ
NTTO,HOI
NTTP,MAU
NTTR,RFP
NTTU,TPX
NTTX,UOA
NTUV,VHZ
NVSA,MTV
NVSC,SLH
NVSD,TOH
NVSE,EAE
NVSF,CCV
NVSG,LOD
NVSH,SSR
NVSI,PBJ
NVSL,LPM
NVSM,LNB
NVSN,MWF
NVSO,LNE
NVSP,NUS
NVSQ,ZGU
NVSR,RCL
NVSS,SON
NVST,TGH
NVSU,ULB
NVSV,VLS
NVSW,WLH
NVSX,SWJ
NVSZ,OLJ
NVVA,AUY
NVVB,AWD
NVVD,DLY
NVVF,FTA
NVVI,IPA
NVVQ,UIQ
NVVV,VLI
NVVW,TAH
NWWA,TGJ
NWWC,BMY
NWWD,KNQ
NWWE,ILP
NWWK,KOC
NWWL,LIF
NWWM,GEA
NWWP,PUV
NWWQ,PDC
NWWR,MEE
NWWU,TOU
NWWV,UVE
NWWW,NOU
NZAA,AKL
NZAP,TUO
NZAR,AMZ
NZAS,ASG
NZCH,CHC
NZCI,CHT
NZCX,CMV
NZDA,DGR
NZDN,DUD
NZGB,GBZ
NZGM,GMN
NZGS,GIS
NZGT,GTN
NZHK,HKK
NZHN,HLZ
NZKE,WIK
NZKI,KBZ
NZKK,KKE
NZKO,KKO
NZKT,KAT
NZLX,ALR
NZMA,MTA
NZMC,MON
NZMF,MFN
NZMK,MZP
NZMO,TEU
NZMS,MRO
NZNP,NPL
NZNR,NPE
NZNS,NSN
NZNV,IVC
NZOH,OHA
NZOU,OAM
NZPM,PMR
NZPN,PCN
NZPP,PPQ
NZQN,ZQN
NZRA,RAG
NZRC,SZS
NZRO,ROT
NZTG,TRG
NZTH,TMZ
NZTK,KTF
NZTO,TKZ
NZTU,TIU
NZUK,TWZ
NZWB,BHE
NZWF,WKA
NZWK,WHK
NZWN,WLG
NZWO,WIR
NZWR,WRE
NZWS,WSZ
NZWT,WTZ
NZWU,WAG
OABN,BIN
OABT,BST
OACC,CCN
OADS,SBF
OADY,DWR
OADZ,DAZ
OAFR,FAH
OAFZ,FBD
OAGN,GZI
OAGZ,GRG
OAHN,KWH
OAHR,HEA
OAIX,OAI
OAJL,JAA
OAKB,KBL
OAKB,KBL
OAKN,KDH
OAKS,KHT
OAMN,MMZ
OAMS,MZR
OAOG,URN
OAQN,LQN
OARG,URZ
OARZ,KUR
OASA,OAS
OASD,OAH
OASH,OAA
OASL,OLR
OASN,SGA
OATN,TII
OATQ,TQN
OAUZ,UND
OAZI,OAZ
OAZJ,ZAJ
OBBI,BAH
ODAL,DHL
ODAS,EAB
OEAB,AHB
OEAH,HOF
OEAO,ULH
OEBA,ABT
OEBH,BHH
OEDF,DMM
OEDR,DHA
OEDW,DWD
OEGN,GIZ
OEGS,ELQ
OEGT,URY
OEHL,HAS
OEJN,JED
OEKK,KMC
OEKM,KMX
OEMA,MED
OENG,EAM
OENN,NUM
OEPA,AQI
OEPS,AKH
OERF,RAH
OERK,RUH
OERK,RUH
OERR,RAE
OESH,SHW
OESK,AJF
OESL,SLF
OETB,TUU
OETF,TIF
OETR,TUI
OEWD,WAE
OEWJ,EJH
OEYN,YNB
OEZL,ZUL
OIAA,ABD
OIAD,DEF
OIAG,AKW
OIAH,GCH
OIAJ,OMI
OIAM,MRX
OIAW,AWZ
OIBA,AEU
OIBB,BUZ
OIBH,IAQ
OIBJ,KNR
OIBK,KIH
OIBL,BDH
OIBP,PGU
OIBQ,KHK
OIBS,SXI
OIBV,LVP
OICC,KSH
OICI,IIL
OICK,KHD
OICS,SDG
OIFE,IFH
OIFK,KKS
OIFM,IFN
OIFS,CQD
OIGG,RAS
OIHH,HDM
OIHR,AJK
OIHS,NUJ
OIIE,IKA
OIII,THR
OIIK,GZW
OIIP,PYK
OIIS,SNX
OIKB,BND
OIKJ,JYR
OIKK,KER
OIKM,BXR
OIKP,HDR
OIKQ,GSM
OIKR,RJN
OIKY,SYJ
OIMB,XBJ
OIMC,CKT
OIMJ,RUD
OIMM,MHD
OIMN,BJB
OIMS,AFZ
OIMT,TCX
OINE,KLM
OING,GBT
OINJ,BSM
OINN,NSH
OINR,RZR
OINZ,SRY
OISF,FAZ
OISJ,JAR
OISL,LRR
OISR,LFM
OISS,SYZ
OISY,YES
OITH,KHA
OITK,KHY
OITL,ADU
OITM,ACP
OITP,PFQ
OITR,OMH
OITT,TBZ
OITU,IMQ
OITZ,JWN
OIYY,AZD
OIZB,ACZ
OIZC,ZBR
OIZH,ZAH
OIZI,IHR
OJAI,AMM
OJAM,ADJ
OJAQ,AQJ
OJJR,JRS
OJMF,OMF
OJMN,MPQ
OKAJ,XIJ
OKBK,KWI
OLBA,BEY
OLKA,KYE
OMAA,AUH
OMAD,AZI
OMAL,AAN
OMAM,DHF
OMBY,XSB
OMDB,DXB
OMDL,ZDY
OMDM,NHD
OMDW,DWC
OMFJ,FJR
OMRK,RKT
OMSJ,SHJ
OOBR,RMB
OOFD,FAU
OOGB,RNM
OOKB,KHS
OOLK,LKW
OOMA,MSH
OOMS,MCT
OOMX,OMM
OORQ,MNH
OOSA,SLL
OOSH,OHS
OOSR,SUH
OOTH,TTH
OPBN,BNP
OPBW,BHV
OPCH,CJL
OPCL,CHB
OPDB,DBA
OPDD,DDU
OPDG,DEA
OPDI,DSK
OPFA,LYP
OPGD,GWD
OPGT,GIL
OPIS,ISB
OPJA,JAG
OPJI,JIW
OPKC,KHI
OPKD,HDD
OPKH,KDD
OPKT,OHT
OPLA,LHE
OPLL,LRG
OPMA,XJM
OPMF,MFG
OPMI,MWD
OPMJ,MJD
OPMP,MPD
OPMT,MUX
OPNH,WNS
OPOR,ORW
OPPC,PAJ
OPPG,PJG
OPPI,PSI
OPPS,PEW
OPQT,UET
OPRK,RYK
OPRT,RAZ
OPSB,SBQ
OPSD,KDU
OPSK,SKZ
OPSN,SYW
OPSR,SGI
OPSS,SDT
OPST,SKT
OPSU,SUL
OPSW,SWN
OPSW,RZS
OPTA,TLB
OPTH,BDN
OPTU,TUK
OPWN,WAF
OPZB,PZH
ORAA,IQA
ORAT,TQD
ORBB,BMN
ORBI,BGW
ORBM,OSM
ORER,EBL
ORKK,KIK
ORMM,BSR
ORNI,NJF
ORSU,ISU
OSAP,ALP
OSDI,DAM
OSDZ,DEZ
OSKL,KAC
OSLK,LTK
OSPR,PMS
OTBD,DIA
OTBH,XJD
OTHH,DOH
OYAA,ADE
OYAT,AXK
OYBI,BYD
OYBN,BHN
OYGD,AAY
OYHD,HOD
OYKM,KAM
OYMB,MYN
OYMS,UKR
OYQN,IHN
OYRN,RIY
OYSH,SYE
OYSN,SAH
OYSN,SAH
OYSQ,SCT
OYSY,GXF
OYTZ,TAI
PAAK,AKB
PAAL,PML
PAAP,PTD
PAAQ,PAQ
PAAT,ATU
PABA,BTI
PABE,BET
PABG,BVU
PABI,BIG
PABK,MTX
PABL,BKC
PABM,BMX
PABR,BRW
PABT,BTT
PACD,CDB
PACE,CEM
PACI,CIK
PACK,CYF
PACM,SCM
PACR,IRC
PACS,WSF
PACV,CDV
PACX,CXF
PACY,CYT
PACZ,CZF
PADE,DRG
PADG,RDB
PADK,ADK
PADL,DLG
PADM,MLL
PADQ,ADQ
PADU,DUT
PADY,KKH
PAED,EDF
PAEE,EEK
PAEG,EAA
PAEH,EHM
PAEI,EIL
PAEL,ELV
PAEM,EMK
PAEN,ENA
PAEW,WWT
PAFA,FAI
PAFB,FBK
PAFE,KAE
PAFM,ABL
PAFR,FRN
PAFS,NIB
PAFW,FWL
PAGA,GAL
PAGB,GBH
PAGG,KWK
PAGH,SHG
PAGK,GKN
PAGL,GLV
PAGM,GAM
PAGN,AGN
PAGQ,BGQ
PAGS,GST
PAGT,NME
PAGY,SGY
PAGZ,GMT
PAHC,HCR
PAHL,HSL
PAHN,HNS
PAHO,HOM
PAHP,HPB
PAHU,HUS
PAHX,SHX
PAHY,HYG
PAIG,IGG
PAII,EGX
PAIK,IAN
PAIL,ILI
PAIM,UTO
PAIN,MCL
PAIW,WAA
PAJN,JNU
PAJZ,KGK
PAKD,KDK
PAKF,KFP
PAKH,AKK
PAKI,KPN
PAKK,KKA
PAKL,LKK
PAKN,AKN
PAKO,IKO
PAKP,AKP
PAKT,KTN
PAKU,UUK
PAKV,KAL
PAKW,KLW
PAKY,KYK
PALB,KLN
PALG,KLG
PALJ,PTA
PALN,LNI
PALR,WCR
PALU,LUR
PAMB,KMO
PAMC,MCG
PAMD,MDO
PAMH,LMA
PAMK,SMK
PAML,MLY
PAMM,MTM
PAMO,MOU
PAMR,MRI
PAMX,MXY
PAMY,MYU
PANA,WNA
PANC,ANC
PANI,ANI
PANN,ENN
PANO,NNL
PANR,FNR
PANT,ANN
PANU,NUL
PANV,ANV
PANW,KNW
PAOB,OBU
PAOC,PCA
PAOH,HNH
PAOM,OME
PAOO,OOK
PAOR,ORT
PAOT,OTZ
PAOU,NLG
PAPB,STG
PAPC,KPC
PAPE,KPV
PAPG,PSG
PAPH,PTH
PAPK,PKA
PAPM,PTU
PAPN,PIP
PAPO,PHO
PAPR,PPC
PAQH,KWN
PAQT,NUI
PARC,ARC
PARS,RSH
PARY,RBY
PASA,SVA
PASC,SCC
PASD,SDP
PASH,SHH
PASI,SIT
PASK,WLK
PASL,SLQ
PASM,KSM
PASN,SNP
PASO,SOV
PASP,SMU
PAST,UMM
PASV,SVW
PASW,SKW
PASX,SXQ
PASY,SYA
PATA,TAL
PATC,TNC
PATE,TLA
PATG,TOG
PATK,TKA
PATL,TLJ
PATQ,ATK
PAUM,UMT
PAUN,UNK
PAUO,WOW
PAVA,VAK
PAVC,KVC
PAVD,VDZ
PAVE,VEE
PAVL,KVL
PAWB,WBQ
PAWD,SWD
PAWG,WRG
PAWI,AIN
PAWM,WMO
PAWN,WTK
PAWS,WWA
PAYA,YAK
PCIS,CIS
PFAK,AKI
PFAL,AET
PFCB,NCN
PFCL,CLP
PFEL,ELI
PFKA,KUK
PFKK,KNK
PFKO,KOT
PFKT,KTS
PFKU,KYU
PFKW,KWT
PFNO,ORV
PFSH,SKK
PFTO,TKJ
PFWS,WSN
PFYU,FYU
PGRO,ROP
PGSN,SPN
PGUA,UAM
PGUM,GUM
PGUM,GUM
PGWT,TIQ
PHBK,BKH
PHDH,HDH
PHHI,HHI
PHHN,HNM
PHJH,JHM
PHJR,JRF
PHKO,KOA
PHLI,LIH
PHLU,LUP
PHMK,MKK
PHMU,MUE
PHNG,NGF
PHNL,HNL
PHNY,LNY
PHOG,OGG
PHPA,PAK
PHSF,BSF
PHTO,ITO
PHUP,UPP
PKMA,ENT
PKMJ,MAJ
PKWA,KWA
PLCH,CXI
PMDY,MDY
PPIZ,PIZ
PRNO,XSO
PTKK,TKK
PTPN,PNI
PTRO,ROR
PTSA,KSA
PTYA,YAP
PWAK,AWK
RCBS,KNH
RCCM,CMJ
RCDC,PIF
RCFG,LZN
RCFN,TTT
RCGI,GNI
RCKH,KHH
RCKU,CYI
RCKW,HCN
RCLM,DSX
RCLY,KYD
RCMQ,RMQ
RCMT,MFK
RCNN,TNN
RCPO,HSZ
RCQC,MZG
RCSS,TSA
RCTP,TPE
RCWA,WOT
RCYU,HUN
RJAA,NRT
RJAF,MMJ
RJAH,IBR
RJAM,MUS
RJAW,IWO
RJBB,KIX
RJBD,SHM
RJBH,HIW
RJBT,TJH
RJCB,OBO
RJCH,HKD
RJCK,KUH
RJCM,MMB
RJCN,SHB
RJCR,RBJ
RJCW,WKJ
RJDA,AXJ
RJDB,IKI
RJDC,UBJ
RJDT,TSJ
RJDU,OMJ
RJEB,MBE
RJEC,AKJ
RJEO,OIR
RJER,RIS
RJFC,KUM
RJFE,FUJ
RJFF,FUK
RJFG,TNE
RJFK,KOJ
RJFM,KMI
RJFO,OIT
RJFR,KKJ
RJFS,HSG
RJFT,KMJ
RJFU,NGS
RJGG,NGO
RJKA,ASJ
RJKB,OKE
RJKI,KKX
RJKN,TKN
RJNA,NKM
RJNF,FKJ
RJNK,KMQ
RJNO,OKI
RJNS,FSZ
RJNT,TOY
RJNW,NTQ
RJOA,HIJ
RJOB,OKJ
RJOC,IZO
RJOH,YGJ
RJOI,IWK
RJOK,KCZ
RJOM,MYJ
RJOR,TTJ
RJOS,TKS
RJOT,TAK
RJOW,IWJ
RJSA,AOJ
RJSC,GAJ
RJSD,SDS
RJSF,FKS
RJSH,HHE
RJSI,HNA
RJSK,AXT
RJSM,MSJ
RJSN,KIJ
RJSR,ONJ
RJSS,SDJ
RJSY,SYO
RJTA,NJA
RJTH,HAC
RJTO,OIM
RJTQ,MYE
RJTT,HND
RKJB,MWX
RKJJ,KWJ
RKJK,KUV
RKJU,CHN
RKJY,RSU
RKNN,KAG
RKNW,WJU
RKNY,YNY
RKPC,CJU
RKPD,JDG
RKPE,CHF
RKPK,PUS
RKPS,HIN
RKPU,USN
RKSI,ICN
RKSO,OSN
RKSW,SWU
RKTH,KPO
RKTI,JWO
RKTL,UJN
RKTN,TAE
RKTP,HMY
RKTU,CJJ
RKTY,YEC
ROAH,OKA
RODN,DNA
ROIG,ISG
ROKJ,UEO
ROKR,KJP
ROMD,MMD
ROMY,MMY
RORA,AGJ
RORE,IEJ
RORH,HTR
RORK,KTD
RORS,SHI
RORT,TRA
RORY,RNJ
ROYN,OGN
RPEN,ENI
RPLB,SFS
RPLC,CRK
RPLE,BSI
RPLH,LLC
RPLI,LAO
RPLL,MNL
RPLO,CYU
RPLP,LGP
RPLS,SGL
RPLU,LBX
RPMA,AAV
RPMC,CBO
RPMD,DVO
RPME,BXU
RPMF,BPH
RPMG,DPL
RPMH,CGM
RPMI,IGN
RPMJ,JOL
RPMM,MLP
RPMN,TWT
RPMO,OZC
RPMP,PAG
RPMQ,MXI
RPMR,GES
RPMS,SUG
RPMU,CDY
RPMV,IPE
RPMW,TDG
RPMY,CGY
RPMZ,ZAM
RPNS,IAO
RPSD,RZP
RPSG,ICO
RPSV,SWL
RPUB,BAG
RPUD,DTE
RPUH,SJI
RPUM,MBO
RPUN,WNP
RPUO,BSO
RPUR,BQA
RPUS,SFE
RPUT,TUG
RPUV,VRC
RPUW,MRQ
RPUY,CYZ
RPVA,TAC
RPVB,BCD
RPVC,CYP
RPVD,DGT
RPVE,MPH
RPVF,CRM
RPVI,ILO
RPVJ,MBT
RPVK,KLO
RPVM,CEB
RPVO,OMC
RPVP,PPS
RPVR,RXS
RPVS,EUQ
RPVT,TAG
RPVU,TBH
RPVV,USU
SAAC,COC
SAAG,GHU
SAAJ,JNI
SAAP,PRA
SAAR,ROS
SAAV,SFN
SABE,AEP
SACC,LCM
SACO,COR
SADL,LPG
SADP,EPA
SAEZ,EZE
SAFR,RAF
SAFS,NCJ
SAHC,HOS
SAHR,GNR
SAHS,RDS
SAHZ,APZ
SAME,MDZ
SAMM,LGS
SAMR,AFA
SANC,CTC
SANE,SDE
SANL,IRJ
SANR,RHD
SANT,TUC
SANU,UAQ
SANW,CRR
SAOC,RCU
SAOD,VDR
SAOR,VME
SAOS,RLO
SAOU,LUQ
SARC,CNQ
SARE,RES
SARF,FMA
SARI,IGR
SARL,AOL
SARM,MCS
SARP,PSS
SARS,PRQ
SASA,SLA
SASJ,JUJ
SASO,ORA
SAST,TTG
SATC,CLX
SATD,ELO
SATG,OYA
SATK,LLS
SATM,MDX
SATR,RCQ
SATU,UZU
SAVB,EHL
SAVC,CRD
SAVD,EMX
SAVE,EQS
SAVH,LHS
SAVJ,IGB
SAVM,OLN
SAVN,OES
SAVQ,MQD
SAVR,ARR
SAVS,SGV
SAVT,REL
SAVV,VDM
SAVY,PMY
SAWA,FTE
SAWD,PUD
SAWE,RGA
SAWG,RGL
SAWH,USH
SAWJ,ULA
SAWM,ROY
SAWP,PMQ
SAWR,GGS
SAWS,JSM
SAWT,RYO
SAWU,RZA
SAZB,BHI
SAZC,CSZ
SAZF,OVR
SAZG,GPO
SAZH,OYO
SAZL,SST
SAZM,MDQ
SAZN,NQN
SAZO,NEC
SAZP,PEH
SAZR,RSA
SAZS,BRC
SAZT,TDL
SAZV,VLG
SAZW,CUT
SAZY,CPC
SBAA,CDJ
SBAC,ARX
SBAE,JTC
SBAQ,AQA
SBAR,AJU
SBAS,AIF
SBAT,AFL
SBAU,ARU
SBAX,AAX
SBBE,BEL
SBBG,BGX
SBBI,BFH
SBBP,BJP
SBBR,BSB
SBBR,BSB
SBBT,BAT
SBBU,BAU
SBBV,BVB
SBBW,BPG
SBBZ,BZC
SBCA,CAC
SBCB,CFB
SBCD,CFC
SBCG,CGR
SBCH,XAP
SBCI,CLN
SBCJ,CKS
SBCM,CCM
SBCN,CLV
SBCP,CAW
SBCR,CMG
SBCT,CWB
SBCV,CRQ
SBCX,CXJ
SBCY,CGB
SBCZ,CZS
SBDB,BYO
SBDN,PPB
SBEG,MAO
SBEK,JCR
SBFI,IGU
SBFL,FLN
SBFN,FEN
SBFZ,FOR
SBGM,GJM
SBGO,GYN
SBGU,GPB
SBGV,GVR
SBGW,GUJ
SBHT,ATM
SBIC,ITA
SBIH,ITB
SBIL,IOS
SBIP,IPN
SBIT,ITR
SBIZ,IMP
SBJA,JJG
SBJE,JJD
SBJF,JDF
SBJP,JPA
SBJU,JDO
SBJV,JOI
SBKG,CPV
SBLE,LEC
SBLJ,LAJ
SBLN,LIP
SBLO,LDB
SBLP,LAZ
SBMA,MAB
SBMC,MQH
SBMD,MEU
SBME,MEA
SBMG,MGF
SBMK,MOC
SBML,MII
SBMN,PLL
SBMO,MCZ
SBMQ,MCP
SBMS,MVF
SBMY,MNX
SBNF,NVT
SBNM,GEL
SBNT,NAT
SBOI,OYK
SBPA,POA
SBPB,PHB
SBPC,POO
SBPF,PFB
SBPJ,PMW
SBPK,PET
SBPL,PNZ
SBPN,PNB
SBPP,PMG
SBPS,BPS
SBPV,PVH
SBQV,VDC
SBRB,RBR
SBRF,REC
SBRG,RIG
SBRP,RAO
SBRR,BRB
SBSJ,SJK
SBSL,SLZ
SBSM,RIA
SBSN,STM
SBSR,SJP
SBST,SSZ
SBSV,SSA
SBTB,TMT
SBTC,UNA
SBTD,TOW
SBTE,THE
SBTF,TFF
SBTG,TJL
SBTK,TRQ
SBTL,TEC
SBTR,TSQ
SBTT,TBT
SBTU,TUR
SBUA,SJL
SBUF,PAV
SBUG,URG
SBUL,UDI
SBUP,URB
SBUR,UBA
SBVG,VAG
SBVH,BVH
SBVT,VIX
SBZM,IZA
SCAC,ZUD
SCAN,LOB
SCAP,WAP
SCAR,ARI
SCAS,WPA
SCAT,CPO
SCBA,BBA
SCBE,TOQ
SCCC,CCH
SCCF,CJC
SCCH,YAI
SCCI,PUQ
SCCY,GXQ
SCDA,IQQ
SCEL,SCL
SCEL,SCL
SCES,ESR
SCFA,ANF
SCFM,WPR
SCFR,FRT
SCFT,FFU
SCGE,LSQ
SCGZ,WPU
SCHR,LGR
SCIE,CCP
SCIP,IPC
SCJO,ZOS
SCKP,CPP
SCLL,VLR
SCNT,PNT
SCOV,OVL
SCPC,ZPC
SCPQ,MHC
SCPV,PUX
SCQB,COW
SCQP,ZCO
SCRA,CNR
SCRD,VAP
SCRM,TNM
SCSB,SMB
SCSE,LSC
SCSF,SSD
SCST,WCA
SCTC,PZS
SCTE,PMC
SCTL,TLX
SCTN,WCH
SCTO,ZIC
SCTT,TTC
SCVD,ZAL
SCVM,KNA
SDAM,CPQ
SDCG,OLC
SDCO,SOD
SDJL,JLS
SDOU,OUS
SDOW,OIA
SDRS,REZ
SDSC,QSC
SDUB,UBT
SDUN,ITP
SDVG,VOT
SEAM,ATF
SECO,OCC
SECU,CUE
SEGS,GPS
SEGU,GYE
SEII,IBB
SEJD,TNW
SEJI,JIP
SEMA,MRR
SEMC,XMS
SEMH,MCH
SEMT,MEC
SENL,LGQ
SEPT,PYO
SEPV,PVO
SEQM,UIO
SERO,ETR
SESA,SNC
SESC,SUQ
SESM,PTZ
SEST,SCY
SESV,BHA
SETH,TSC
SETI,TPN
SETM,LOH
SETN,ESM
SETR,TPC
SETU,TUA
SFAL,PSY
SGAS,ASU
SGAY,AYO
SGBN,BFA
SGCO,CIO
SGEN,ENO
SGES,AGT
SGFI,FLM
SGME,ESG
SGOL,OLK
SGPI,PIL
SGPJ,PJC
SILC,LVR
SIMK,FRC
SIZX,JUA
SJNP,NPR
SKAC,ACR
SKAD,ACD
SKAG,HAY
SKAM,AFI
SKAN,ADN
SKAP,API
SKAR,AXM
SKAS,PUU
SKAT,ARQ
SKBC,ELB
SKBG,BGA
SKBM,NBB
SKBO,BOG
SKBQ,BAQ
SKBS,BSC
SKBU,BUN
SKCA,CPB
SKCC,CUC
SKCD,COG
SKCG,CTG
SKCI,CCO
SKCL,CLO
SKCM,CIM
SKCN,RAV
SKCO,TCO
SKCP,BHF
SKCR,CUO
SKCU,CAQ
SKCV,CVE
SKCZ,CZU
SKEB,EBG
SKEH,ECR
SKEJ,EJA
SKFL,FLA
SKGA,LGT
SKGI,GIR
SKGO,SQB
SKGO,CRC
SKGP,GPI
SKHA,CPL
SKHC,HTZ
SKIB,IBE
SKIG,IGO
SKIM,LPE
SKIP,IPI
SKJU,JUO
SKLC,APO
SKLG,LQM
SKLM,MCJ
SKLP,LPD
SKLT,LET
SKMB,TBD
SKMD,EOH
SKMF,MFS
SKMG,MGN
SKML,MTB
SKMP,MMP
SKMR,MTR
SKMU,MVP
SKMZ,MZL
SKNA,LMC
SKNC,NCI
SKNQ,NQU
SKNV,NVA
SKOC,OCV
SKOE,ORC
SKOT,OTU
SKPA,RON
SKPC,PCR
SKPD,PDA
SKPE,PEI
SKPI,PTX
SKPL,PLT
SKPN,NAR
SKPP,PPN
SKPQ,PAL
SKPR,PBE
SKPS,PSO
SKPV,PVA
SKPZ,PZA
SKQU,MQU
SKRA,TCD
SKRG,MDE
SKRH,RCH
SKRU,SNT
SKSA,RVE
SKSJ,SJE
SKSL,SSL
SKSM,SMR
SKSO,SOX
SKSP,ADZ
SKSV,SVI
SKTA,TAU
SKTB,TIB
SKTD,TDA
SKTL,TLU
SKTM,TME
SKTQ,TQS
SKTU,TRB
SKUB,URI
SKUC,AUC
SKUI,UIB
SKUL,ULQ
SKUR,URR
SKVG,VGZ
SKVL,PYA
SKVP,VUP
SKVV,VVC
SKYA,AYG
SKYP,EYP
SLAG,MHW
SLAP,APB
SLAS,ASC
SLBJ,BJO
SLBU,BVL
SLCA,CAM
SLCB,CBB
SLCO,CIJ
SLCP,CEP
SLET,SRZ
SLGY,GYA
SLHI,CCA
SLHJ,BVK
SLJE,SJS
SLJO,SJB
SLJV,SJV
SLLP,LPB
SLMG,MGD
SLOR,ORU
SLPO,POI
SLPR,PUR
SLPS,PSZ
SLRA,SRD
SLRB,RBO
SLRI,RIB
SLRQ,RBQ
SLRY,REY
SLSA,SBL
SLSB,SRJ
SLSI,SNG
SLSM,SNM
SLSR,SRB
SLSU,SRE
SLTI,MQK
SLTJ,TJA
SLTR,TDD
SLUY,UYU
SLVG,VAH
SLVM,VLM
SLVR,VVI
SLYA,BYC
SMBN,ABN
SMCA,AAJ
SMCO,TOT
SMDA,DRJ
SMDO,LDO
SMJP,PBM
SMMO,MOJ
SMNI,ICK
SMPA,OEM
SMST,SMZ
SMTP,KCB
SMWA,AGI
SMWS,WSO
SMZO,ORG
SNAI,APY
SNAL,APQ
SNAR,AMJ
SNBC,BDC
SNBL,BVM
SNBR,BRA
SNBS,BSS
SNBU,BMS
SNBX,BQQ
SNCP,CTP
SNDC,RDC
SNDN,LEP
SNDT,DTI
SNDV,DIQ
SNED,CNV
SNFX,SXX
SNGA,GUZ
SNGD,GDP
SNGI,GNM
SNGM,GMS
SNHA,ITN
SNIC,IRE
SNIU,IPU
SNJB,JCM
SNJD,FEC
SNJK,JEQ
SNJN,JNA
SNJR,JDR
SNKE,CMP
SNKI,CDI
SNLB,LVB
SNLO,SSO
SNMA,MTE
SNMU,MVS
SNMX,SBJ
SNMZ,PTQ
SNNU,NNU
SNOS,PSW
SNOU,FEJ
SNOX,ORX
SNPC,PCS
SNPD,POJ
SNPX,PIV
SNQG,FLB
SNRD,PDF
SNRU,CAU
SNSW,SFK
SNTF,TXF
SNTI,OBI
SNTO,TFL
SNVB,VAL
SNVS,BVS
SNWC,CMC
SNYA,GGF
SNYE,PHI
SNZA,PPY
SNZW,ITE
SOCA,CAY
SOGS,GSI
SOOA,MPY
SOOG,OYP
SOOM,LDX
SOOR,REI
SOOS,XAU
SPAR,ALD
SPAY,AYX
SPBB,MBP
SPBL,BLP
SPBR,IBP
SPCL,PCL
SPDR,TDP
SPEO,CHM
SPGM,TGI
SPHI,CIX
SPHO,AYP
SPHY,ANS
SPHZ,ATA
SPIL,UMI
SPIM,LIM
SPJA,RIJ
SPJE,JAE
SPJI,JJI
SPJJ,JAU
SPJL,JUL
SPJN,SJA
SPJR,CJA
SPLN,RIM
SPLO,ILQ
SPME,TBP
SPMF,MZA
SPMR,SMG
SPMS,YMS
SPNC,HUU
SPOA,SQU
SPPY,CHH
SPQT,IQT
SPQU,AQP
SPRU,TRU
SPSO,PIO
SPST,TPP
SPSY,SYC
SPTN,TCQ
SPTU,PEM
SPUR,PIU
SPYL,TYL
SPZA,NZC
SPZO,CUZ
SSAP,APU
SSBL,BNU
SSCK,CCI
SSCL,CSS
SSCN,CEL
SSCP,CKO
SSCT,GGH
SSDO,DOU
SSER,ERM
SSFB,FBE
SSGY,GGJ
SSHZ,HRZ
SSIJ,IJU
SSIQ,ITQ
SSJA,JCB
SSKM,CBW
SSKW,OAL
SSLN,LOI
SSLT,ALQ
SSOE,SQX
SSOG,APX
SSOU,AIR
SSPB,PTO
SSPG,PNG
SSPI,PVI
SSPN,PBB
SSRU,SQY
SSSC,CSU
SSUM,UMU
SSUV,UVI
SSVI,VIA
SSVP,CTQ
SSYA,AAG
SSYA,AAG
SSZR,SRA
SSZW,PGZ
SUAG,ATI
SUBU,BUV
SUCA,CYR
SUDU,DZO
SULS,PDP
SUMO,MLZ
SUMU,MVD
SUPU,PDU
SURV,RVY
SUSO,STY
SUTB,TAW
SUTR,TYT
SUVO,VCH
SVAC,AGV
SVAN,AAO
SVBC,BLA
SVBI,BNS
SVBM,BRM
SVBS,MYC
SVCB,CBL
SVCD,CXA
SVCG,CUV
SVCL,CLZ
SVCN,CAJ
SVCO,VCR
SVCP,CUP
SVCR,CZE
SVCU,CUM
SVED,EOR
SVEZ,EOZ
SVGD,GDO
SVGI,GUI
SVGU,GUQ
SVHG,HGE
SVIC,ICA
SVIE,ICC
SVJC,LSP
SVKA,KAV
SVKM,KTV
SVLF,LFR
SVMC,MAR
SVMD,MRD
SVMG,PMV
SVMI,CCS
SVMT,MUN
SVON,CBS
SVPA,PYH
SVPC,PBL
SVPE,PDZ
SVPM,SCI
SVPR,PZO
SVPT,PTM
SVRS,LRV
SVSA,SVZ
SVSB,SBB
SVSE,SNV
SVSO,STD
SVSP,SNF
SVSR,SFD
SVST,SOM
SVSZ,STB
SVTC,TUV
SVTM,TMO
SVUM,URM
SVVA,VLN
SVVG,VIG
SVVL,VLV
SVVP,VDP
SVWX,ELJ
SWBC,BAZ
SWBR,RBB
SWCA,CAF
SWCQ,CQS
SWDM,DMT
SWDN,DNO
SWEC,ARS
SWEI,ERN
SWEK,CQA
SWFX,SXO
SWGI,GRP
SWGN,AUX
SWHP,GGB
SWHT,HUW
SWII,IPG
SWIY,IDO
SWJI,JPR
SWJN,JIA
SWJU,JRN
SWJW,JTI
SWKC,CCX
SWKO,CIZ
SWKT,TLZ
SWLB,LBR
SWLC,RVD
SWMW,MBZ
SWNA,NVP
SWNK,BCR
SWNQ,NQL
SWNS,APS
SWOB,FBA
SWPG,PBV
SWPI,PIN
SWPM,PBQ
SWPQ,PBX
SWRA,AAI
SWRD,ROO
SWSI,OPS
SWSN,ZMD
SWST,STZ
SWTP,IRZ
SWTS,TGQ
SWTU,AZL
SWUA,SQM
SWVB,MTG
SWVC,VLP
SWXM,MBK
SWXV,NOK
SYAH,AHL
SYAN,NAI
SYBR,BMJ
SYBT,GFO
SYCJ,GEO
SYGO,OGL
SYIB,IMB
SYKA,KAI
SYKM,KAR
SYKR,KRM
SYKS,KRG
SYKT,KTO
SYKZ,KKG
SYLP,LUB
SYLT,LTM
SYMB,USI
SYMD,MHA
SYMK,VEG
SYMM,MYM
SYMR,MWJ
SYOR,ORJ
SYPR,PRR
SYSC,SDC
TAPA,ANU
TAPH,BBQ
TBPB,BGI
TBPB,BGI
TDCF,DCF
TDPD,DOM
TFFA,DSD
TFFB,BBR
TFFC,SFC
TFFF,FDF
TFFG,SFG
TFFJ,SBH
TFFM,GBJ
TFFR,PTP
TFFS,LSS
TGPY,GND
TIST,STT
TISX,STX
TJAB,ARE
TJBQ,BQN
TJCP,CPX
TJFA,FAJ
TJIG,SIG
TJMZ,MAZ
TJPS,PSE
TJRV,NRR
TJSJ,SJU
TJSJ,SJU
TJVQ,VQS
TKPK,SKB
TKPK,SKB
TKPN,NEV
TLPC,SLU
TLPL,UVF
TNCA,AUA
TNCB,BON
TNCC,CUR
TNCE,EUX
TNCM,SXM
TNCS,SAB
TQPF,AXA
TRPG,MNI
TTCP,TAB
TTPP,POS
TUPA,NGD
TUPJ,EIS
TUPW,VIJ
TVSA,SVD
TVSB,BQU
TVSC,CIW
TVSM,MQS
TVSU,UNI
TXKF,BDA
UAAA,ALA
UAAH,BXH
UAAL,USJ
UAAR,BXJ
UACC,NQZ
UACK,KOV
UACP,PPK
UADD,DMB
UAFM,FRU
UAFO,OSS
UAII,CIT
UAKD,DZN
UAKK,KGF
UAOL,BXY
UAOO,KZO
UARR,URA
UASB,EKB
UASK,UKK
UASP,PWQ
UASS,PLX
UATE,SCO
UATG,GUW
UATT,AKX
UAUR,AYK
UAUU,KSN
UBBB,GYD
UBBG,KVD
UBBL,LLK
UBBN,NAJ
UBBQ,GBB
UBBY,ZTU
UBEE,YLV
UDSG,LWN
UDYZ,EVN
UEBS,SUK
UEBT,UKG
UECT,TLK
UEEA,ADH
UEEE,YKS
UELL,NER
UEMA,MQJ
UEMH,KDY
UEMM,GYG
UEMO,OLZ
UEMT,USR
UEMU,UMS
UENI,VHV
UENN,NYR
UENS,SUY
UENW,VYI
UERL,ULK
UERO,ONK
UERP,PYJ
UERR,MJZ
UERS,SYS
UESG,BGN
UESK,SEK
UESO,CKH
UESS,CYX
UEST,IKS
UESU,ZKP
UEVV,ZIX
UGKO,KUT
UGSB,BUS
UGSS,SUI
UGTB,TBS
UHBB,BQS
UHBI,GDG
UHBW,TYD
UHHH,KHV
UHKK,KXK
UHKM,GVN
UHMA,DYR
UHMD,PVS
UHMK,KPW
UHMM,GDX
UHMO,KVM
UHMP,PWE
UHMW,SWV
UHNB,BQG
UHNN,NLI
UHOO,OHO
UHPP,PKC
UHSB,BVV
UHSH,OHH
UHSI,ITU
UHSK,EKS
UHSM,DEE
UHSN,NGK
UHSO,ZZO
UHSS,UUS
UHTG,AEM
UHWP,TLY
UHWW,VVO
UIAA,HTA
UIBB,BTK
UIBS,UIK
UIII,IKT
UIKB,ODO
UIKE,ERG
UIKK,KCK
UITT,UKX
UIUU,UUD
UKBB,KBP
UKCC,DOK
UKCK,KRQ
UKCM,MPW
UKCW,VSG
UKDB,ERD
UKDD,DNK
UKDE,OZH
UKDR,KWG
UKFB,UKS
UKFF,SIP
UKFK,KHC
UKHH,HRK
UKHP,PLV
UKHS,UMY
UKKE,CKC
UKKG,KGO
UKKK,IEV
UKKL,CEJ
UKKV,ZTR
UKLC,UCK
UKLH,HMJ
UKLI,IFO
UKLL,LWO
UKLN,CWC
UKLR,RWN
UKLT,TNL
UKLU,UDJ
UKOH,KHE
UKON,NLV
UKOO,ODS
UKWW,VIN
ULAA,ARH
ULAL,LDG
ULAM,NNM
ULAS,CSH
ULDD,AMV
ULDW,VRI
ULKK,KSZ
ULLI,LED
ULMK,KVK
ULMM,MMK
ULNN,NVR
ULOL,VLU
ULOO,PKV
ULPB,PES
ULSS,RVH
ULWC,CEE
ULWU,VUS
ULWW,VGD
UMBB,BQT
UMGG,GME
UMII,VTB
UMKK,KGD
UMMG,GNA
UMMM,MHP
UMMS,MSQ
UMOO,MVQ
UNAA,ABA
UNBB,BAX
UNBG,RGK
UNEE,KEJ
UNII,EIE
UNIP,TGP
UNKL,KJA
UNKS,ACS
UNKY,KYZ
UNNT,OVB
UNOO,OMS
UNSS,SWT
UNTT,TOF
UNWW,NOZ
UODD,DKS
UOHH,HTG
UOII,IAA
UOOO,NSK
UOTT,THX
URKA,AAQ
URKG,GDZ
URKK,KRR
URMG,GRV
URML,MCX
URMM,MRV
URMN,NAL
URMO,OGZ
URMS,IGT
URMT,STW
URRP,ROV
URRR,RVI
URRT,TGK
URRY,VLK
URSS,AER
URWA,ASF
URWI,ESL
URWW,VOG
USCC,CEK
USCM,MQF
USDA,SBT
USDB,BVJ
USDD,SLY
USDK,YMK
USDP,KKQ
USDS,TQL
USDU,UEN
USHH,HMA
USHI,IRM
USHK,KXD
USHN,NYA
USHQ,EYK
USHS,OVS
USHU,URJ
USII,IJK
USKK,KVX
USMM,NYM
USMU,NUX
USNN,NJC
USNR,RAT
USPP,PEE
USRK,KGP
USRN,NFG
USRO,NOJ
USRR,SGC
USSS,SVX
USTO,TOX
USTR,TJM
USUU,KRO
UTAA,ASB
UTAK,KRW
UTAM,MYP
UTAT,TAZ
UTAV,CRZ
UTDD,DYU
UTDK,TJU
UTDL,LBD
UTDT,KQT
UTFN,NMA
UTKA,AZN
UTKF,FEG
UTNN,NCU
UTNU,UGC
UTSA,NVI
UTSB,BHK
UTSK,KSQ
UTSN,AFS
UTSS,SKD
UTST,TMJ
UTTT,TAS
UUBA,KMW
UUBB,BKA
UUBC,KLF
UUBI,IWA
UUBK,RYB
UUBP,BZK
UUBS,LNX
UUBT,TYA
UUBW,ZIA
UUDL,IAR
UUEE,SVO
UUEM,KLD
UUMO,OSF
UUMU,CKL
UUOB,EGO
UUOK,URS
UUOL,LPK
UUOO,VOZ
UUOR,OEL
UUOT,TBW
UUWR,RZN
UUYH,UCT
UUYI,INA
UUYP,PEX
UUYS,USK
UUYW,VKT
UUYX,UTS
UUYY,SCW
UWGG,GOJ
UWKB,UUA
UWKD,KZN
UWKE,NBC
UWKJ,JOK
UWKS,CSY
UWLL,ULV
UWLW,ULY
UWOO,REN
UWOR,OSW
UWPP,PEZ
UWPS,SKX
UWSB,BWO
UWSS,RTW
UWUB,BCX
UWUF,NEF
UWUK,OKT
UWUU,UFA
UWWW,KUF
VAAH,AMD
VAAK,AKD
VAAU,IXU
VABB,BOM
VABJ,BHJ
VABM,IXG
VABO,BDQ
VABP,BHO
VABV,BHU
VADN,NMB
VAGN,GUX
VAHB,HBX
VAID,IDR
VAJB,JLR
VAJL,JLG
VAJM,JGA
VAKE,IXY
VAKJ,HJR
VAKP,KLH
VAKS,IXK
VALT,LTU
VAND,NDC
VANP,NAG
VAOZ,ISK
VAPO,PNQ
VAPR,PBD
VARG,RTC
VARK,RAJ
VARP,RPR
VASL,SSE
VASU,STV
VAUD,UDR
VBHD,HEB
VCBI,CMB
VCCA,ACJ
VCCB,BTC
VCCC,RML
VCCG,ADP
VCCH,HIM
VCCJ,JAF
VCCK,KCT
VCCN,KTY
VCCS,GIU
VCCT,TRR
VCCW,WRZ
VCRI,HRI
VDBG,BBM
VDKH,KZC
VDKK,KKZ
VDKT,KTI
VDMK,MWV
VDPP,PNH
VDRK,RBE
VDSR,REP
VDST,TNX
VDSV,KOS
VEAN,IXV
VEAT,IXA
VEBD,IXB
VEBG,RGH
VEBI,SHL
VEBN,VNS
VEBS,BBI
VEBU,PAB
VECC,CCU
VECO,COH
VEDB,DBD
VEDG,RDP
VEDH,DBR
VEDZ,DEP
VEGK,GOP
VEGT,GAU
VEGY,GAY
VEIM,IMF
VEJP,PYB
VEJS,IXW
VEJT,JRH
VEKM,IXQ
VEKR,IXH
VEKU,IXS
VEKW,IXN
VELP,AJL
VELR,IXI
VEMH,LDA
VEMN,DIB
VEMR,DMU
VEMZ,MZU
VEPG,IXT
VEPT,PAT
VERC,IXR
VERK,RRK
VERU,RUP
VETJ,TEI
VETZ,TEZ
VEVZ,VTZ
VEZO,ZER
VGBR,BZL
VGCB,CXB
VGCM,CLA
VGEG,CGP
VGHS,DAC
VGIS,IRD
VGJR,JSR
VGRJ,RJH
VGSD,SPD
VGSG,TKR
VGSH,ZHM
VGSY,ZYL
VHHH,HKG
VIAG,AGR
VIAL,IXD
VIAR,ATQ
VIAX,AIP
VIBK,BKB
VIBR,KUU
VIBT,BUP
VIBY,BEK
VICG,IXC
VIDN,DED
VIDP,DEL
VIGG,DHM
VIGR,GWL
VIHR,HSS
VIJO,JDH
VIJP,JAI
VIJR,JSA
VIJU,IXJ
VIKA,KNU
VIKG,KQH
VIKO,KTU
VILD,LUH
VILH,IXL
VILK,LKO
VIPK,IXP
VIPT,PGH
VISM,SLV
VISR,SXR
VIST,TNI
VLAP,AOU
VLHS,HOE
VLKG,KOG
VLLB,LPQ
VLLN,LXG
VLOS,ODY
VLPS,PKZ
VLSB,ZBY
VLSK,ZVK
VLSN,NEU
VLSV,VNA
VLTK,THK
VLVT,VTE
VLXK,XKH
VMMC,MFM
VNBG,BJH
VNBJ,BHP
VNBL,BGL
VNBP,BHR
VNBR,BJU
VNBT,BIT
VNBW,BWA
VNCG,BDP
VNDG,DNP
VNDH,DHI
VNDL,DAP
VNDP,DOP
VNDT,SIH
VNGK,GKH
VNJI,JIR
VNJL,JUM
VNJP,JKR
VNJS,JMO
VNKT,KTM
VNLD,LDN
VNLK,LUA
VNLT,LTG
VNMA,NGX
VNMG,MEY
VNMN,XMG
VNNG,KEP
VNPK,PKR
VNPL,PPL
VNRB,RJB
VNRC,RHP
VNRK,RUK
VNRP,RPA
VNRT,RUM
VNSB,SYH
VNSI,SIF
VNSK,SKH
VNSR,FEB
VNST,IMK
VNTJ,TPJ
VNTP,TPU
VNTR,TMI
VNVT,BIR
VOAT,AGX
VOBI,BEP
VOBL,BLR
VOBZ,VGA
VOCB,CJB
VOCI,COK
VOCL,CCJ
VOCP,CDP
VOCX,CBD
VOGB,GBI
VOGO,GOI
VOHS,HYD
VOHY,BPM
VOJV,VDY
VOKN,CNN
VOMD,IXM
VOML,IXE
VOMM,MAA
VOMY,MYQ
VONV,NVY
VOPB,IXZ
VOPC,PNY
VOPN,PUT
VORG,RMD
VORY,RJA
VOSM,SXV
VOTJ,TJV
VOTK,TCR
VOTP,TIR
VOTR,TRZ
VOTV,TRV
VOWA,WGC
VQBT,BUT
VQGP,GLU
VQPR,PBH
VQTY,YON
VREI,IFU
VRMD,DRV
VRMF,FVM
VRMG,GAN
VRMH,HAQ
VRMK,KDO
VRMM,MLE
VRMO,GKK
VRMT,KDM
VRMV,VAM
VRNT,TMF
VTBD,DMK
VTBF,PYX
VTBK,KDT
VTBL,KKM
VTBO,TDX
VTBS,BKK
VTBU,UTP
VTCC,CNX
VTCH,HGN
VTCL,LPT
VTCN,NNT
VTCP,PRH
VTCT,CEI
VTPB,PHY
VTPH,HHQ
VTPI,TKH
VTPM,MAQ
VTPO,THS
VTPP,PHS
VTPT,TKT
VTPU,UTR
VTSB,URT
VTSC,NAW
VTSE,CJM
VTSF,NST
VTSG,KBV
VTSH,SGZ
VTSK,PAN
VTSM,USM
VTSP,HKT
VTSR,UNN
VTSS,HDY
VTST,TST
VTUD,UTH
VTUI,SNO
VTUJ,PXR
VTUK,KKC
VTUL,LOE
VTUO,BFV
VTUQ,NAK
VTUU,UBP
VTUV,ROI
VTUW,KOP
VVBM,BMV
VVCA,VCL
VVCI,HPH
VVCM,CAH
VVCR,CXR
VVCS,VCS
VVCT,VCA
VVDB,DIN
VVDH,VDH
VVDL,DLI
VVDN,DAD
VVNB,HAN
VVNS,SQH
VVNT,NHA
VVPB,HUI
VVPC,UIH
VVPK,PXU
VVPQ,PQC
VVPR,PHA
VVRG,VKG
VVTH,TBB
VVTS,SGN
VVTX,THD
VVVD,VDO
VVVH,VII
VVVT,VTG
VYAN,VBA
VYBG,NYU
VYBM,BMO
VYBP,VBP
VYCZ,VBC
VYDW,TVY
VYGG,GAW
VYGW,GWA
VYHH,HEH
VYHL,HOX
VYHN,TIO
VYKG,KET
VYKI,KHM
VYKL,KMV
VYKP,KYP
VYKT,KAW
VYKU,KYT
VYLK,LIW
VYLS,LSH
VYMD,MDL
VYME,MGZ
VYMK,MYT
VYMM,MNU
VYMN,MGU
VYMO,MOE
VYMS,MOG
VYMT,MGK
VYMW,MWQ
VYMY,NYW
VYNS,NMS
VYNT,NYT
VYNT,NMT
VYPA,PAA
VYPK,PAU
VYPN,BSX
VYPP,PPU
VYPT,PBU
VYPU,PKK
VYPY,PRU
VYSW,AKY
VYTD,SNW
VYTL,THL
VYYE,XYE
VYYY,RGN
WA44,TQQ
WAAA,UPG
WABB,BIK
WABD,ONI
WABE,IUL
WABG,WET
WABI,NBX
WABK,KBF
WABL,ILA
WABN,KOX
WABO,ZRI
WABP,TIM
WABR,OBD
WABT,EWI
WABV,UGU
WADA,AMI
WADB,BMU
WADD,DPS
WADL,LOP
WADS,SWQ
WADT,TMC
WADU,LYK
WADW,WGP
WADY,BWX
WAEE,TTE
WAFF,PLW
WAFJ,MJU
WAGD,TJS
WAGG,PKY
WAHI,YIA
WAHL,CXP
WAHP,PWL
WAJA,ARJ
WAJB,BUI
WAJC,DRH
WAJE,RUF
WAJG,BXM
WAJI,ZRM
WAJJ,DJJ
WAJL,LHI
WAJM,LII
WAJN,ELR
WAJO,OKL
WAJR,WAR
WAJS,SEH
WAJU,UBR
WAKD,MDP
WAKE,BXD
WAKK,MKQ
WAKM,KCD
WAKO,OKQ
WAKP,KEI
WAKQ,ZEG
WAKT,TMH
WALJ,DTD
WALK,BEJ
WALL,BPN
WALR,TRK
WALS,SRI
WALS,AAP
WALT,TSX
WALV,BYQ
WAMA,GLX
WAMG,GTO
WAMH,NAH
WAMI,TLI
WAMJ,GEB
WAMK,KAZ
WAMM,MDC
WAMN,MNA
WAMP,PSJ
WAMR,OTI
WAMW,LUW
WAMY,UOL
WAOC,BTW
WAOI,PKN
WAON,TJG
WAOO,BDJ
WAOS,SMQ
WAOW,TBM
WAPA,AHI
WAPC,NDA
WAPD,DOB
WAPE,MAL
WAPF,LUV
WAPG,NRE
WAPH,LAH
WAPI,SXK
WAPK,BJK
WAPN,SQN
WAPP,AMQ
WAPR,NAM
WAPT,TAX
WAPV,WBA
WARA,MLG
WARC,CPF
WARE,JBB
WARQ,SOC
WARR,SUB
WARS,SRG
WART,SUP
WARW,BXW
WASA,AYW
WASB,NTI
WASC,RSK
WASE,KEQ
WASF,FKQ
WASG,AGD
WASI,INX
WASK,KNG
WASM,RDE
WASN,RJM
WASO,BXB
WASR,MKW
WASS,SOQ
WAST,TXM
WASU,KBX
WASW,WSR
WATA,ABU
WATC,MOF
WATE,ENE
WATG,RTG
WATL,LKA
WATM,ARD
WATO,LBJ
WATR,RTI
WATS,SAU
WATT,KOE
WATW,LWE
WAVV,WMX
WAWB,BUW
WAWM,MXB
WAWP,PUM
WAWR,RAQ
WAWS,SQR
WAWT,TTR
WAWW,KDI
WBGB,BTU
WBGC,BLG
WBGD,LSM
WBGF,LGL
WBGG,KCH
WBGI,ODN
WBGJ,LMN
WBGK,MKM
WBGL,LKH
WBGM,MUR
WBGN,BSE
WBGP,KPI
WBGQ,BKM
WBGR,MYY
WBGS,SBW
WBGU,LSU
WBGW,LWY
WBGY,SGG
WBGZ,BBN
WBKA,SMM
WBKD,LDU
WBKE,TEL
WBKG,KGU
WBKH,SXS
WBKK,BKI
WBKL,LBU
WBKM,TMG
WBKN,GSA
WBKO,SPE
WBKP,PAY
WBKR,RNU
WBKS,SDK
WBKT,KUD
WBKW,TWU
WBMU,MZV
WBSB,BWN
WBTM,TGC
WIAG,AKQ
WIBB,PKU
WIBD,DUM
WIBJ,RGT
WIBR,RKI
WIBS,SEQ
WIBT,TJB
WICA,KJT
WICC,BDO
WICD,CBN
WICM,TSY
WICN,CJN
WIDD,BTH
WIDE,PPR
WIDN,TNJ
WIDS,SIQ
WIHP,PCB
WIIG,PPJ
WIII,CGK
WIIJ,JOG
WIKD,TJQ
WILL,TKG
WIMB,GNS
WIME,AEG
WIMK,MES
WIMM,KNO
WIMN,DTB
WIMP,SIW
WIMS,FLZ
WIOG,NPO
WIOK,KTG
WIOM,MWK
WION,NTX
WIOO,PNK
WIOP,PSU
WIOS,SQG
WIPA,DJB
WIPB,LLJ
WIPH,KRC
WIPI,BUU
WIPK,PGK
WIPL,BKS
WIPP,PLM
WIPQ,PDO
WIPT,PDG
WIPU,MPC
WIPV,KLQ
WITA,TPK
WITC,MEQ
WITL,LSX
WITM,LSW
WITN,SBG
WITT,BTJ
WMAN,SXT
WMAU,MEP
WMBA,SWY
WMBI,TPG
WMBT,TOD
WMKA,AOR
WMKB,BWH
WMKC,KBR
WMKD,KUA
WMKE,KTE
WMKI,IPH
WMKJ,JHB
WMKK,KUL
WMKL,LGK
WMKM,MKZ
WMKN,TGG
WMKP,PEN
WMPA,PKG
WMPR,RDN
WMSA,SZB
WPAT,AUT
WPDB,UAI
WPDL,DIL
WPEC,BCH
WPMN,MPT
WPOC,OEC
WPVQ,VIQ
WRBK,KBU
WRKB,BJW
WRLA,SGQ
WRLB,LBW
WRLC,BXT
WRLF,NNX
WRLH,TNB
WRLP,LPU
WSAP,QPG
WSAT,TGA
WSSL,XSP
WSSS,SIN
YABA,ALH
YABI,ABG
YAGD,AUD
YALA,MRP
YALX,AXL
YAMC,AXC
YAMK,ADO
YAMT,AMT
YANG,WLP
YAPH,ABH
YARA,ARY
YARG,GYL
YARM,ARM
YARY,AAB
YAUR,AUU
YAUV,AVG
YAYE,AYQ
YAYR,AYR
YBAR,BCI
YBAS,ASP
YBAU,BDD
YBAW,BKP
YBBN,BNE
YBCG,OOL
YBCK,BKQ
YBCS,CNS
YBCV,CTL
YBDF,BDW
YBDG,BXG
YBDV,BVI
YBEB,BXF
YBEO,BTX
YBGD,OCM
YBGO,BQW
YBHI,BHQ
YBHM,HTI
YBIE,BEU
YBKE,BRK
YBKT,BUC
YBLA,BLN
YBLC,LCN
YBLL,BLS
YBLN,BQB
YBMA,ISA
YBMK,MKY
YBNA,BNK
YBNS,BSJ
YBOI,GIC
YBOK,OKY
YBOU,BQL
YBPI,BMP
YBPN,PPP
YBRK,ROK
YBRL,BOX
YBRM,BME
YBRN,BZD
YBRW,BWQ
YBRY,BYP
YBSU,MCY
YBTH,BHS
YBTI,BRT
YBTL,TSV
YBTR,BLT
YBUD,BDB
YBUN,BUY
YBWN,ZBO
YBWP,WEI
YBWW,WTB
YBWX,BWB
YBYS,BVZ
YCAG,CGV
YCAH,CLH
YCAR,CVQ
YCAS,CSI
YCBA,CAZ
YCBB,COJ
YCBP,CPD
YCBR,CRB
YCCA,CCL
YCCT,CNC
YCCY,CNJ
YCDO,CBX
YCDR,CUD
YCDU,CED
YCEE,CVC
YCFD,CFI
YCFS,CFS
YCGO,LLG
YCHK,CXQ
YCHK,CKW
YCHT,CXT
YCIN,DCN
YCKI,CKI
YCKN,CTN
YCMT,CMQ
YCMU,CMA
YCMW,CML
YCNF,NIF
YCNK,CES
YCNM,CNB
YCOD,ODL
YCOE,CUQ
YCOI,CIE
YCOM,OOM
YCOO,CDA
YCOR,CWW
YCRG,CYG
YCRY,CDQ
YCSV,KCE
YCTM,CMD
YCUA,CUG
YCUE,CUY
YCWA,CJF
YCWI,CWR
YCWL,CCW
YCWR,CWT
YCWY,COY
YDAY,DBY
YDBI,DRN
YDBR,DNB
YDBY,DRB
YDGA,DGD
YDIX,DXD
YDKI,DKI
YDLK,DLK
YDLQ,DNQ
YDLT,DDN
YDLV,DLV
YDMG,DMD
YDNI,NLF
YDOR,DRD
YDPD,DVP
YDPO,DPO
YDRA,DOX
YDRD,DRY
YDRH,DHD
YDRI,DRR
YDVR,DKV
YDYS,DYA
YECH,ECH
YECL,EUC
YEDA,ETD
YEEB,ENB
YELD,ELC
YEML,EMD
YERN,ERB
YESE,ERQ
YESP,EPR
YEVD,EVH
YEXM,EXM
YFBS,FRB
YFDF,KFE
YFIL,FLY
YFLI,FLS
YFLO,FVL
YFNE,FIK
YFRT,FOS
YFRV,FVR
YFST,FOT
YFTZ,FIZ
YGAM,GBP
YGAY,GAH
YGBI,GBL
YGDH,GUH
YGDI,GOO
YGDN,GDD
YGDS,GGD
YGEL,GET
YGFN,GFN
YGIA,GBW
YGIB,GBV
YGKL,GKL
YGLA,GLT
YGLB,GUL
YGLE,GLG
YGLG,GEX
YGLI,GLI
YGLO,GLM
YGNV,GVP
YGON,GPD
YGPT,GPN
YGSC,GSC
YGTE,GTE
YGTH,GFF
YGTN,GTT
YGTO,GEE
YGYM,GYP
YHAW,HWK
YHAY,HXX
YHBA,HVB
YHBR,HUB
YHBY,HRY
YHDY,HIP
YHHY,HIG
YHID,HID
YHIL,HLL
YHLC,HCQ
YHMB,HMG
YHML,HLT
YHOO,HOK
YHOT,MHU
YHPN,HTU
YHSM,HSM
YHTL,HAT
YHUG,HGD
YIDK,IDK
YIFL,IFL
YIFY,IFF
YIGM,IGH
YIKM,IKP
YINJ,INJ
YINN,INM
YINW,IVW
YISF,ISI
YIVL,IVR
YJAB,JAB
YJDA,JUN
YJLC,JCK
YJNB,JUR
YKAL,UBU
YKAR,KQR
YKBL,KDB
YKBR,KAX
YKBY,KBY
YKCA,KBJ
YKCS,KCS
YKER,KRA
YKII,KNS
YKKG,KFG
YKLA,KOH
YKLB,KKP
YKMB,KRB
YKML,KML
YKMP,KPS
YKNG,KNI
YKOW,KWM
YKPR,KPP
YKPT,PKT
YKRY,KGY
YKSC,KGC
YKUB,KUG
YLAH,LWH
YLEC,LGH
YLEO,LNO
YLEV,LEL
YLFD,LFP
YLHI,LDH
YLHR,IRG
YLHS,LTP
YLIN,LDC
YLIS,LSY
YLKN,LNH
YLLE,BBL
YLMQ,BEO
YLND,LKD
YLOK,LOC
YLOR,LOA
YLOV,LTV
YLRA,LUU
YLRD,LHG
YLRE,LRE
YLRS,LUT
YLST,LER
YLTN,LVO
YLTV,TGN
YLZI,LZR
YMAA,UBB
YMAE,MYI
YMAV,AVV
YMAY,ABX
YMBA,MRG
YMBL,MBB
YMCO,XMC
YMCR,MFP
YMCT,MLR
YMDG,DGE
YMDI,MQA
YMDS,MNW
YMEK,MKR
YMEN,MEB
YMER,MIM
YMEU,MLV
YMGB,MGT
YMGD,MNG
YMGN,GSN
YMGR,MGV
YMGT,MQZ
YMGV,MVU
YMHB,HBA
YMHO,MHO
YMHU,MCV
YMIA,MQL
YMIN,XML
YMIP,MIH
YMIR,MWY
YMIT,MTQ
YMJM,MJP
YMLS,WLE
YMLT,LST
YMMB,MBW
YMMI,WUI
YMML,MEL
YMMU,MMM
YMND,MTL
YMNE,WME
YMNK,ONR
YMNS,MSF
YMNY,OXY
YMOG,MMG
YMOO,OOR
YMOR,MRZ
YMOT,MET
YMPA,MIN
YMQA,MQE
YMRB,MOV
YMRE,RRE
YMRW,MWB
YMRY,MYA
YMSF,MTD
YMTB,UTB
YMTG,MGB
YMTI,ONG
YMTO,MNQ
YMUC,MUQ
YMUG,MNE
YMUK,MVK
YMUP,MUP
YMVG,MKV
YMWA,MXU
YMWT,MWT
YMWX,MXD
YMYB,MBH
YMYR,MYO
YMYT,RTY
YNAP,NMR
YNAR,NRA
YNBR,NAA
YNGU,RPM
YNHS,NBH
YNPE,ABM
YNRC,NAC
YNRG,NRG
YNRV,RVT
YNSH,NSV
YNSM,NSM
YNTN,NTN
YNUB,NUR
YNUL,NLL
YNUM,NUB
YNWN,ZNE
YNYN,NYN
YOEN,OPI
YOLA,XCO
YOLD,OLP
YOLW,ONS
YOOD,ODD
YOOM,MOO
YORB,RBS
YORC,OKB
YORG,OAG
YORV,ODR
YOSB,OSO
YOUY,OYN
YPAD,ADL
YPAG,PUG
YPAM,PMK
YPBO,PBO
YPCC,CCK
YPDI,PDE
YPDN,DRW
YPDO,PRD
YPGV,GOV
YPIR,PPI
YPJT,JAD
YPKA,KTA
YPKG,KGI
YPKS,PKE
YPKU,KNX
YPLC,PLO
YPLM,LEA
YPMH,PXH
YPMP,EDR
YPMQ,PQQ
YPOD,PTJ
YPOK,MBF
YPPD,PHE
YPPH,PER
YPSH,PEA
YPTN,KTR
YPWR,UMR
YPXM,XCH
YQDI,UIR
YQLP,ULP
YQNS,UEE
YREN,RMK
YRKD,RDA
YRMD,RCM
YRNG,RAM
YROB,ROH
YROE,RBU
YROI,RBC
YROM,RMA
YRRB,RPB
YRSB,RSB
YRTI,RTS
YRTP,RTP
YRYH,RHL
YSAN,NDS
YSBK,BWU
YSCB,CBR
YSCN,CDU
YSCO,NSO
YSCR,SQC
YSDU,DBO
YSGE,SGO
YSGT,SIX
YSGW,ZGL
YSHG,SGP
YSHK,MJK
YSHR,WSY
YSHT,SHT
YSII,SBR
YSMB,GOS
YSMI,SIO
YSMP,SHU
YSMR,STH
YSNB,SNB
YSNF,NLK
YSNW,NOA
YSOL,SLJ
YSPE,SNH
YSPK,SCG
YSPT,SHQ
YSPV,KSV
YSRI,XRH
YSRN,SRN
YSSY,SYD
YSTH,HLS
YSTI,STF
YSTW,TMW
YSWG,WGA
YSWH,SWH
YSWL,SWC
YTAA,XTR
YTAB,TBL
YTAM,XTO
YTBR,TBK
YTDR,TDR
YTEE,TQP
YTEF,TEF
YTEM,TEM
YTGA,TAN
YTGM,XTG
YTGT,GTS
YTHD,TDN
YTHY,TYG
YTIB,TYB
YTKY,TKY
YTMO,PHQ
YTMP,TPR
YTMU,TUM
YTMY,TYP
YTNG,THG
YTNK,TCA
YTOC,TCW
YTRE,TRO
YTST,TTX
YTWB,TWB
YUDA,UDA
YUNY,CZY
YUSL,USL
YVRD,VCD
YVRS,VNR
YWAL,WLA
YWAV,WAV
YWBL,WMB
YWBS,SYU
YWCA,WIO
YWCH,WLC
YWCK,WAZ
YWDG,WRN
YWDH,WNR
YWDL,WON
YWGT,WGT
YWHA,WYA
YWIT,WIT
YWKB,WKB
YWLG,WGE
YWLM,NTL
YWLU,WUN
YWMP,WPK
YWND,WDI
YWOL,WOL
YWOR,WLL
YWSL,SXE
YWTL,WLO
YWTN,WIN
YWUD,WUD
YWWA,WEW
YWWG,WRW
YWWI,WWI
YWWL,WWY
YWYM,WYN
YWYY,BWT
YYAL,YLG
YYKI,OKR
YYLR,KYF
YYMI,XMY
YYND,YUE
YYNG,NGA
YYOR,ORR
YYTA,KYI
ZBAA,PEK
ZBCD,CDE
ZBCF,CIF
ZBCZ,CIH
ZBDH,BPE
ZBDS,DSN
ZBDT,DAT
ZBER,ERL
ZBES,YIE
ZBHD,HDG
ZBHH,HET
ZBHZ,HUO
ZBLA,HLD
ZBLL,LLV
ZBMZ,NZH
ZBOW,BAV
ZBSJ,SJW
ZBTJ,TSN
ZBTL,TGO
ZBTS,TVS
ZBUH,WUA
ZBUL,HLH
ZBXH,XIL
ZBXT,XNT
ZBXZ,WUT
ZBYC,YCU
ZBYN,TYN
ZBYZ,RLK
ZBZJ,ZQZ
ZGBH,BHY
ZGBS,AEB
ZGCD,CGD
ZGCJ,HJJ
ZGCZ,HCZ
ZGDY,DYG
ZGFS,FUO
ZGGG,CAN
ZGHA,CSX
ZGHC,HCJ
ZGHY,HNY
ZGHZ,HUZ
ZGKL,KWL
ZGLG,LLF
ZGMX,MXZ
ZGNN,NNG
ZGOW,SWA
ZGSD,ZUH
ZGSY,WGN
ZGSZ,SZX
ZGWZ,WUZ
ZGXN,XIN
ZGYY,YYA
ZGZH,LZH
ZGZJ,ZHA
ZHAY,AYN
ZHCC,CGO
ZHEC,EHU
ZHES,ENH
ZHGH,LHK
ZHHH,WUH
ZHLY,LYA
ZHNY,NNY
ZHSN,HPG
ZHSS,SHS
ZHSY,WDS
ZHXF,XFN
ZHXY,XAI
ZHYC,YIH
ZJHK,HAK
ZJSY,SYX
ZKHM,RGO
ZKPY,FNJ
ZKSD,DSO
ZKSE,YJS
ZKUJ,UJU
ZKWS,WOS
ZLAK,AKA
ZLDH,DNH
ZLDL,HXD
ZLGL,GMQ
ZLGM,GOQ
ZLGY,GYU
ZLHB,HBQ
ZLHZ,HZG
ZLIC,INC
ZLJC,JIC
ZLJN,JNG
ZLJQ,JGN
ZLLL,LHW
ZLLN,LNL
ZLQY,IQN
ZLSN,SIA
ZLTS,THQ
ZLXH,GXH
ZLXN,XNN
ZLXY,XIY
ZLYA,ENY
ZLYL,UYN
ZLYS,YUS
ZLZW,ZHY
ZLZY,YZY
ZMAH,AVK
ZMAT,LTI
ZMBH,BYN
ZMBN,UGA
ZMBN,HBU
ZMBR,UGT
ZMBU,UUN
ZMCD,COQ
ZMCK,UBN
ZMDN,ULZ
ZMDZ,DLZ
ZMHG,HTM
ZMHH,KHR
ZMHU,HJT
ZMKD,HVD
ZMMG,MXW
ZMMN,MXV
ZMTG,TSZ
ZMTL,TNZ
ZMUB,ULN
ZMUG,ULO
ZMUH,UNR
ZMUL,ULG
ZPBS,BSD
ZPCW,CWJ
ZPDL,DLU
ZPDQ,DIG
ZPJH,JHG
ZPJM,JMJ
ZPLC,LNJ
ZPLJ,LJG
ZPMS,LUM
ZPPP,KMG
ZPSM,SYM
ZPWS,WNH
ZPYM,YUA
ZPZT,ZAT
ZSAM,XMN
ZSAQ,AQG
ZSBB,BFU
ZSCG,CZX
ZSCN,KHN
ZSDY,DOY
ZSFY,FUG
ZSFZ,FOC
ZSGZ,KOW
ZSHC,HGH
ZSHZ,HZA
ZSJA,JGS
ZSJD,JDZ
ZSJJ,JIU
ZSJN,TNA
ZSJU,JUZ
ZSLG,LYG
ZSLO,LCX
ZSLQ,HYN
ZSLY,LYI
ZSNB,NGB
ZSNJ,NKG
ZSNT,NTG
ZSOF,HFE
ZSPD,PVG
ZSQD,TAO
ZSQZ,JJN
ZSRG,RUG
ZSSH,HIA
ZSSR,SQD
ZSSS,SHA
ZSSZ,SZV
ZSTX,TXN
ZSWA,WHA
ZSWA,WHA
ZSWF,WEF
ZSWH,WEH
ZSWX,WUX
ZSWY,WUS
ZSWZ,WNZ
ZSXZ,XUZ
ZSYA,YTY
ZSYC,YIC
ZSYN,YNZ
ZSYT,YNT
ZSYW,YIW
ZSZS,HSN
ZUAL,NGQ
ZUAS,AVA
ZUBD,BPX
ZUBJ,BFJ
ZUCK,CKG
ZUDA,DZH
ZUDC,DCY
ZUDX,DAX
ZUDZ,DZU
ZUGH,GHN
ZUGU,GYS
ZUGY,KWE
ZUHY,AHJ
ZUJZ,JZH
ZUKD,KGT
ZULB,LLB
ZULP,LIA
ZULS,LXA
ZULZ,LZO
ZUMT,WMT
ZUMY,MIG
ZUNC,NAO
ZUNP,HZH
ZUNZ,LZY
ZUPS,LPF
ZUQJ,JIQ
ZURK,RKZ
ZUTC,TCZ
ZUTF,TFU
ZUTR,TEN
ZUUU,CTU
ZUWL,CQW
ZUWS,WSK
ZUWX,WXN
ZUXC,XIC
ZUYB,YBP
ZUYI,ACX
ZUZH,PZI
ZUZY,ZYI
ZWAK,AKU
ZWAT,AAT
ZWBL,BPL
ZWCM,IQM
ZWFY,FYN
ZWHM,HMI
ZWHZ,SHF
ZWKC,KCA
ZWKL,KRL
ZWKM,KRY
ZWKN,KJI
ZWNL,NLT
ZWRQ,RQA
ZWSH,KHG
ZWSS,SXJ
ZWTC,TCG
ZWTL,TLQ
ZWTN,HTN
ZWWW,URC
ZWYN,YIN
ZYAS,AOG
ZYBS,NBS
ZYCC,CGQ
ZYCH,CNI
ZYCY,CHG
ZYDD,DDG
ZYDQ,DQA
ZYFY,FYJ
ZYHB,HRB
ZYHE,HEK
ZYJD,JGD
ZYJL,JIL
ZYJM,JMU
ZYJS,JSJ
ZYJX,JXA
ZYJZ,JNZ
ZYLD,LDS
ZYMD,MDG
ZYMH,OHE
ZYQQ,NDG
ZYSQ,YSQ
ZYTL,DLC
ZYTN,TNH
ZYTX,SHE
ZYXC,XEN
ZYYJ,YNJ
ZYYK,YKH
ZYYL,YLN
